Date,AAPL US Equity - Price Earnings Ratio (P/E),AAPL US Equity - Enterprise Value/EBITDA,AAPL US Equity - Price to Sales Ratio,IBM US Equity - Price Earnings Ratio (P/E),IBM US Equity - Enterprise Value/EBITDA,IBM US Equity - Price to Sales Ratio,IBM US Equity - Price to Free Cash Flow,WMT US Equity - Price Earnings Ratio (P/E),WMT US Equity - Enterprise Value/EBITDA,WMT US Equity - Price to Sales Ratio,KO Equity (USD) - Price Earnings Ratio (P/E),KO Equity (USD) - Enterprise Value/EBITDA,KO Equity (USD) - Price to Sales Ratio,AAPL_returns,IBM_returns,WMT_returns,KO_returns
2024-10-01,38.3224,26.0281,9.1486,22.8836,18.9324,3.2458,16.1958,33.9399,17.4029,0.9791,25.4329,31.9446,6.6823,-0.003286030728177347,0.00466318649316344,0.030205048713616067,-0.05889294689258995
2024-09-01,34.8554,26.0281,9.1789,21.5996,17.4947,2.9696,14.5618,32.4604,16.7073,0.9364,26.0848,29.6913,6.7299,-0.03042921025860501,-0.06495385695220413,0.014860643321884748,-0.08491879270980518
2024-08-01,33.8021,25.4487,8.9015,20.5321,16.802,2.8228,13.8421,28.85,15.0189,0.8322,24.0223,27.5265,6.1978,0.01864495193275717,0.10331774993683451,0.04855844395026354,-0.008417221294089061
2024-07-01,32.0578,24.1152,8.4421,18.4814,15.4383,2.5409,12.4596,29.0069,15.2629,0.8315,22.9101,26.3485,5.9108,0.03115994345461237,0.0519933350014401,0.12514577186355025,0.08585559096252826
2024-06-01,29.8989,22.2962,7.8314,18.1955,15.221,2.4559,11.6076,28.1716,14.8923,0.8075,23.1179,26.6554,5.8993,0.05441087661334554,0.11095693735269085,0.013734990948804704,0.05668276428161123
2024-05-01,26.4899,19.8449,6.9385,18.1246,15.1749,2.4463,11.5624,25.4255,13.5928,0.7288,22.6917,26.2267,5.7906,0.09703859470915388,0.046849507065986895,0.03321728553700587,0.011441210994250106
2024-04-01,26.6687,19.9818,6.9853,20.8248,16.904,2.8108,13.2849,27.0516,13.9719,0.75,22.475,25.9993,5.7353,0.12869127827533777,0.0039109494707252335,0.10800342291425058,0.01877939803059836
2024-03-01,28.1542,20.9562,7.3282,20.009,16.7324,2.726,13.2937,26.3502,13.6405,0.7306,22.2466,23.3247,5.671,-0.006706260879567383,-0.12966065830965345,-0.01026866798336279,0.017719491823642075
2024-02-01,28.7227,21.4177,7.4762,19.8608,16.5837,2.7058,13.1953,24.7647,12.9437,0.6866,22.0502,23.1933,5.6209,-0.05007574303206097,0.041457957025089476,0.02661659630176816,0.019326890668081242
2024-01-01,29.9891,22.5183,7.8058,17.6862,15.1625,2.4095,11.7505,23.959,13.2472,0.6649,21.8426,22.9987,5.568,-0.01979390687933058,0.00745944809622312,0.06402423269191093,0.008908975182562173
2023-12-01,31.0376,23.1766,7.8083,17.6825,15.468,2.356,11.9279,23.6611,13.104,0.6566,21.9838,22.7176,5.6133,-0.04222717296798306,0.12295922204557375,0.05210112312348936,0.009502904956451008
2023-11-01,27.9036,20.9163,7.0198,16.1301,14.4461,2.1492,10.8808,24.8343,13.6649,0.6892,21.2502,22.0309,5.426,0.014917906572121886,0.043168865099300735,0.012589177718927758,0.016414022544533502
2023-10-01,27.9755,20.971,7.0379,15.6461,14.1037,2.0847,10.5543,29.2549,14.712,0.6841,21.0584,21.8556,5.377,0.11231474158068311,0.09623913628182557,-0.047243213685541297,0.03451937009746553
2023-09-01,31.5748,23.2334,7.7591,16.7998,14.7499,2.2,12.2306,29.7451,14.9359,0.6956,22.8446,23.6291,5.863,-0.002569987499806081,0.03093340068077599,0.021759610256413264,0.017116484685530065
2023-08-01,33.0168,24.4653,8.1134,16.4966,14.5496,2.1603,12.0099,29.2421,14.7124,0.6838,23.6464,24.3789,6.0688,-0.08744761081416563,-0.03347713755250836,-0.012984820930443286,-0.06434901701672546
2023-07-01,32.6,24.1506,8.011,15.3101,13.7332,2.0049,11.1461,29.1248,14.8987,0.6845,22.9935,23.7695,5.9012,-0.0436751805043627,0.018379782351590324,0.017202616678628546,-0.033909255502947766
2023-06-01,30.0934,22.0635,7.3442,14.8573,13.3441,1.9202,12.1366,27.2144,14.0638,0.6396,23.4663,23.7956,5.9355,0.01278537936920654,0.07749792857872406,0.017050419530829197,0.03622810019023892
2023-05-01,28.8081,21.2294,7.0305,14.6055,13.1801,1.8876,11.9308,27.9741,14.4045,0.6575,25.2324,25.4013,6.3822,0.09584368800173504,0.05478341561160871,0.07426362658650643,0.009386530187253328
2023-04-01,27.9966,20.6185,6.8325,15.1462,13.5219,1.9575,12.3726,28.2105,14.5052,0.6568,24.3985,24.652,6.1713,0.044613354826399165,0.017245407558977854,-0.027157685319397662,-0.06999226775737011
2023-03-01,25.0272,18.1819,6.1157,15.282,13.2078,1.9284,12.8448,27.1927,14.0532,0.6331,23.937,23.681,5.9899,0.0289872216279079,-0.03570060046787826,0.02806891858463678,0.042109651311192264
2023-02-01,24.4975,17.8043,5.9863,15.9238,13.5752,2.0094,13.3842,27.5256,14.2028,0.6409,24.665,24.3136,6.1721,0.12035687392018946,0.02629693219784901,0.037430534432428386,0.04234590471532318
2023-01-01,22.0594,16.0638,5.3905,16.6519,14.0275,2.1013,13.9961,28.0952,14.0629,0.6479,25.5862,25.1274,6.4026,0.021622961162599985,-0.04030273426794195,-0.012094464293009644,-0.029517326151873302
2022-12-01,24.2275,17.7588,6.0935,18.1759,14.5881,2.2155,17.5758,30.2015,15.0544,0.6965,25.5808,25.6848,6.5009,0.11052125092817544,-0.04372213499120692,0.01849483137874053,-0.0360006415737919
2022-11-01,25.0966,18.4059,6.312,16.8808,13.8061,2.0576,16.3234,28.2022,14.1875,0.6504,24.0687,24.3068,6.1167,-0.12081657787342359,-0.04251300931265922,-0.06974154141220068,0.0070922623018760955
2022-10-01,22.6187,16.733,5.6888,14.5029,12.3612,1.7678,14.024,21.438,11.9037,0.6091,22.5285,22.9037,5.7252,-0.03462888998878155,0.07672281840575312,0.07089175933840464,0.06282359536644244
2022-09-01,25.9439,19.042,6.6265,16.0845,12.8961,1.9352,14.0813,21.9091,12.2305,0.6225,25.2146,25.6282,6.4601,0.10955132997071182,0.16395933349885117,0.09737834210445562,0.07615770745154782
2022-08-01,26.8168,19.6982,6.8495,16.3775,13.0644,1.9704,14.3378,21.8264,12.1909,0.6201,26.2197,26.5402,6.7176,-0.11975605341287154,-0.06339496309621262,-0.017239673172095404,-0.09220545715123885
2022-07-01,22.5611,16.6199,5.7625,17.6798,13.7705,2.1271,15.4779,20.0627,11.3404,0.586,26.01,24.6801,6.7747,-0.032551805998339844,-0.0178912761013853,0.0037864796299487136,-0.03833557122817166
2022-06-01,24.1753,17.884,6.3362,19.5261,13.664,2.135,13.4275,21.2261,11.9349,0.62,26.2044,24.8444,6.8253,0.18863377593008956,-0.07365963865035208,0.08611610649317947,0.0273982640752104
2022-05-01,25.6062,18.9755,6.7113,18.5937,13.1903,2.0331,12.7863,25.2459,13.8493,0.7374,26.7129,25.2743,6.9577,-0.0800802506046685,0.0292619689361322,-0.05137255061195023,-0.007415697560118506
2022-04-01,28.361,21.2562,7.4333,18.2857,13.0325,1.9994,12.5745,23.0884,12.5955,0.7258,26.6003,25.7005,6.9207,-0.05588322793801803,0.050147382220337544,-0.15922614059720352,-0.019037312312345733
2022-03-01,27.373,20.3939,7.2226,17.9183,12.485,1.9142,10.2202,20.955,11.6426,0.6587,26.7032,25.7915,6.9475,-0.09713064406004457,0.016843550097718873,0.03130350227556211,0.05007387285581255
2022-02-01,28.9744,21.6234,7.6451,19.5359,13.2437,2.087,11.1428,21.676,11.995,0.6814,26.1755,25.2547,6.8102,0.05882059566634412,0.07408494570261359,0.10180540948385497,-0.003856096155867794
2022-01-01,29.4369,22.099,7.7671,19.5491,13.25,2.0884,11.1504,22.9303,12.4286,0.71,25.4033,24.5936,6.6093,-0.05526951514116296,-0.08280304324015186,-0.033259536327517214,0.020160723686520665
2021-12-01,29.4822,22.1069,7.5546,21.8327,13.6853,1.8592,7.5738,22.2868,12.1751,0.69,22.293,20.4032,5.98,-0.015712236373521482,-0.0006733672814526193,-0.029836775481634104,0.030400251384029353
2021-11-01,26.7177,19.9919,6.8462,22.2785,14.3092,1.8972,7.7284,23.6799,12.8501,0.7332,23.9591,21.7562,6.4269,0.07579667824018732,0.1566490082706231,0.02887012743274231,0.13763891971835962
2021-10-01,25.2373,19.005,6.4669,24.7414,15.3962,2.1069,8.5828,22.4806,11.8975,0.6938,23.2929,21.6157,6.2027,0.10347107489428464,-0.020890489250469102,-0.05882732575294436,-0.06954059049474581
2021-09-01,29.814,21.8972,7.3642,21.9353,14.2465,1.9739,7.8608,23.8871,12.6206,0.7372,24.9976,23.0074,6.6566,0.05865721364130749,-0.09954639042637015,0.07203328033313983,0.08243631143880625
2021-08-01,28.6418,21.0108,7.0746,22.0322,14.291,1.9826,7.8955,22.9919,12.1936,0.7096,25.3173,23.2683,6.7417,-0.0666401190361059,0.0013501037812020389,-0.0554160979056757,-0.06819401775741962
2021-07-01,26.8941,19.8831,6.6429,22.9122,14.6626,2.0618,8.2108,23.7515,12.52,0.7082,27.1381,24.6162,6.959,0.04092974677152594,-0.004398562390373839,0.03893372676548301,-0.012624645895068176
2021-06-01,28.0639,19.8479,6.4967,19.3554,13.7514,1.8963,7.5818,23.9216,12.6459,0.7132,27.7299,25.084,7.1108,0.06498219381996018,-0.03840637898892241,0.010849572665875495,0.061905563986114576
2021-05-01,29.6066,20.9842,6.8539,19.1049,13.6234,1.8718,7.4837,23.5646,12.4767,0.7026,27.0729,24.5646,6.9423,0.10097639551723958,0.03122207188917847,-0.0032119422697493016,-0.021342017174420524
2021-04-01,27.5099,19.5618,6.3685,17.9442,13.0309,1.758,7.029,25.0272,12.9007,0.6876,27.0502,24.934,6.8574,-0.05210725403616023,0.01310979468857365,0.015152654894135864,0.024268276813816714
2021-03-01,32.8942,22.7158,7.0595,14.1488,12.5501,1.4671,6.4938,23.9382,12.4538,0.6576,25.1412,23.4121,6.3734,0.0762177369000765,0.0646855686239054,0.034338127361252635,0.03261814123036988
2021-02-01,35.7968,24.806,7.6825,14.1702,12.5388,1.4693,6.5036,25.8858,13.3412,0.7111,24.7101,23.0141,6.2641,0.008845037602412287,0.1354640067709556,0.04548939868432944,0.07593390824028545
2021-01-01,35.9948,25.2786,7.725,14.9756,13.0189,1.5528,6.8733,26.6527,13.6762,0.7441,28.1433,25.7436,7.1345,-0.08108503448660787,-0.0015112016254013039,-0.07523668371369607,0.017445382478006533
2020-12-01,36.5278,24.9002,7.5369,10.6387,10.5798,1.3977,7.9031,28.2502,14.4104,0.7887,26.677,24.4909,6.6139,-0.005502033186247091,-0.053781431866849916,-0.02182750435472891,-0.12199127860414638
2020-11-01,33.4013,22.693,6.8918,9.6172,9.9021,1.2635,7.1442,25.6543,13.2479,0.7163,24.8468,23.031,6.1602,0.11649693621227897,0.03388371987387728,-0.05654819557828805,0.07112410020814153
2020-10-01,35.5337,24.347,7.3318,10.4794,10.4704,1.3768,7.7847,26.7608,13.4563,0.7318,25.5241,23.5618,6.3281,0.09360655077423674,0.10621542520961125,0.10118914963677161,0.07365780550135037
2020-09-01,39.1942,26.8037,8.2889,10.2514,10.6938,1.3847,8.2044,26.558,13.3601,0.7263,25.4237,23.2425,6.1843,-0.06001207742020476,-0.08227174196616127,-0.008290908042487333,-0.018654343677036334
2020-08-01,32.2751,21.9137,6.8256,10.2207,10.6725,1.3805,8.1798,24.7505,12.5685,0.6768,24.2482,22.3168,5.8983,-0.10090826399549879,-0.0003806540950062054,0.01177634952494988,-0.0032301404015071533
2020-07-01,27.7008,18.9496,5.8583,10.0402,10.5268,1.3562,8.0354,24.048,11.9483,0.6363,22.9342,21.2797,5.5787,0.21437974109737157,0.003009682659060431,0.07302936455737452,0.048475556251368124
2020-06-01,24.9032,16.7878,5.281,9.2019,10.6671,1.3823,8.7377,24.9073,12.3117,0.659,21.5042,20.1379,5.3741,0.1651316711820663,0.01796817548116514,0.08031408420693253,0.06690177970770517
2020-05-01,23.0124,15.5964,4.8801,9.2505,10.7042,1.3897,8.7839,24.4033,12.1022,0.6457,21.1403,19.847,5.2832,0.15049223204787698,-0.020098867373088636,-0.030252686336257995,-0.04284472270916562
2020-04-01,19.9177,13.3707,4.2238,8.1726,9.886,1.2277,7.7604,23.0426,11.4435,0.6179,20.3848,19.2375,5.0944,0.08216466495809827,-0.005256385722067658,0.020650027713218888,0.017214843287820303
2020-03-01,21.5812,13.8921,4.6143,9.5283,9.9586,1.4297,8.8379,21.8379,10.9674,0.5856,25.0378,22.614,6.1368,0.1553739649373871,0.13188481068143498,0.07452792101091776,0.0461573827046482
2020-02-01,24.4351,15.8793,5.2245,10.5224,10.6222,1.5788,9.76,23.219,11.5319,0.6226,27.3361,24.3856,6.7001,-0.06755379745122725,-0.13877551999415683,0.05516332568965154,-0.17274269505923467
2020-01-01,23.183,15.2575,4.9568,9.813,10.134,1.4724,9.102,23.9128,11.6867,0.6535,25.9084,23.2687,6.3502,-0.11679749451666177,-0.09448276214798634,-0.05948115164897538,-0.08407521165559928
2019-12-01,22.5242,14.2476,4.7513,9.3565,9.8701,1.4838,8.8398,23.9631,11.7313,0.6549,25.136,23.4621,6.3344,0.054009706630362864,0.0722918639395107,-0.03228279720783145,0.05510381828455735
2019-11-01,20.9659,13.1733,4.4226,9.3064,9.8339,1.4759,8.7925,23.5949,11.582,0.6449,25.6208,23.8579,6.4566,0.10208271236387545,0.008725454095026564,-0.002099001357462882,0.04425927726808476
2019-10-01,18.8765,11.9554,3.9819,10.1199,10.4237,1.6049,9.5611,24.2699,11.6166,0.6611,25.6255,23.8204,6.4578,0.07432897964545404,0.005384054968637475,0.015606152125480222,-0.018923234831857094
2019-09-01,17.7743,10.9889,3.7893,8.9825,7.8914,1.4917,8.7116,23.3661,11.2911,0.6364,25.6358,23.9135,6.6544,0.1106841723238503,-0.08038775312016233,-0.011964670704094127,0.007126200792646031
2019-08-01,18.1405,11.2427,3.8673,9.8248,8.5002,1.6316,9.5285,22.5726,10.9743,0.6148,24.5133,23.0026,6.3631,0.07703846658675939,0.08561513587062342,0.0437966728594501,-0.0109012971388609
2019-07-01,16.853,10.5618,3.5928,9.1395,8.0107,1.5178,8.8639,22.5134,10.9839,0.6232,23.7169,22.3116,6.1563,-0.020184147487581017,-0.08573933722655713,0.03515128212545382,0.04579142459794672
2019-06-01,14.7417,8.9564,3.2286,8.8662,7.5243,1.3938,8.8609,20.6694,10.2818,0.5722,23.1771,22.249,6.033,0.07639462127550556,0.07498184505115613,-0.0009958077348938277,0.0416507765801597
2019-05-01,16.8973,10.7755,3.7007,9.7934,8.142,1.5396,9.7876,20.9547,10.3965,0.5801,23.1441,22.2219,6.0244,0.13487245309159945,0.09881158632890141,0.09500156863556297,0.03643381960472514
2019-04-01,15.9946,10.122,3.503,9.8513,8.2045,1.5487,9.8455,19.8323,10.2181,0.5551,22.1062,21.4089,5.7543,-0.12757242162510352,-0.09467458217573677,-0.013613641332070214,0.0014267969836174732
2019-03-01,14.2566,8.6283,3.2077,9.1459,9.0341,1.5113,10.1501,20.1292,10.4543,0.5634,21.3294,21.8812,5.6298,0.05643583642659422,-0.005882414259858693,0.060118851042215926,0.05608845587250566
2019-02-01,13.7041,8.2304,3.0834,8.9003,8.9886,1.4707,9.8774,19.4866,10.173,0.5455,22.6419,22.9578,5.9763,0.10173066850285184,0.0334033104969107,-0.014748958313908989,0.03352402231534879
2019-01-01,12.9878,7.7743,2.9222,7.5264,7.8575,1.2437,8.3527,19.2549,10.5199,0.5359,22.275,22.6335,5.8794,0.04031493907507455,0.027599888486567803,0.03297490377201129,-0.0579681154091799
2018-12-01,15.0919,8.8607,3.3413,8.3771,8.3165,1.3559,8.2069,20.185,10.9415,0.5618,24.1616,24.2967,6.1665,0.05515395466150075,0.18254615627998727,0.03438476895861187,0.016473461071975226
2018-11-01,18.496,11.4236,4.095,7.7812,7.8365,1.2595,7.6231,20.7287,11.2639,0.5769,22.9535,23.2217,5.8582,-0.11361648341388797,-0.07364831765567126,-0.046082822098581167,-0.05308697983105193
2018-10-01,19.0774,11.8298,4.2237,10.1932,9.8151,1.6499,9.986,19.7384,10.114,0.5447,22.1433,22.4841,5.6514,-0.18404449920557542,0.07658329051104351,-0.026226682154610326,0.05263166990163182
2018-09-01,20.8833,12.3552,4.5025,9.9983,9.8346,1.5978,10.2576,20.1482,10.368,0.556,22.2992,22.6743,5.4097,-0.030477561573501788,-0.23662463046750126,0.06783104855542388,0.045405101267789405
2018-08-01,17.4577,10.0902,3.7639,9.8925,9.7483,1.5809,10.1491,18.7547,9.7334,0.5175,23.3299,23.582,5.6598,-0.004824922864487546,0.04344380332258102,-0.014652385872877094,0.03634725880067058
2018-07-01,16.9824,9.941,3.6615,9.5355,9.5015,1.5238,9.7828,18.8242,9.3517,0.5039,21.944,22.3721,5.3235,0.1962267931419297,0.010694675754399308,0.07430258426940717,-0.0441774303134278
2018-06-01,18.2188,10.1221,3.862,9.8592,9.8427,1.5633,8.9239,18.1407,9.0601,0.4856,20.681,23.804,5.1836,0.027983353976895664,0.03743739664380663,0.04179810205215273,0.07262385744920241
2018-05-01,16.1119,9.0752,3.4154,10.1139,10.0531,1.6037,9.1544,19.4418,9.6237,0.5204,20.782,23.9486,5.209,-0.005598557936199122,-0.0004190295211360384,0.04421583183800615,0.020000215369531116
2018-04-01,16.3576,9.2426,3.4675,10.7048,10.5723,1.6974,9.6893,20.1746,9.7593,0.5324,20.8879,24.0535,5.2355,0.13076400487986217,-0.025179490201261423,-0.06692326838981022,-0.004860148417458854
2018-03-01,18.5177,9.9912,3.8436,11.2136,10.7554,1.7534,10.277,20.4104,9.8588,0.5386,21.3076,23.6962,5.0987,-0.015019943941354086,-0.05520439985835757,0.00019585559164814192,0.0037172213037393043
2018-02-01,17.4063,9.2894,3.6129,11.78,11.2576,1.8419,10.796,24.1723,11.4459,0.6379,23.462,25.7365,5.6143,-0.05421026786779093,-0.0057069111151584195,-0.011554146206794513,0.004858793132774597
2018-01-01,17.5935,9.4128,3.6518,11.0402,10.6606,1.7263,10.1181,22.5457,10.2047,0.6029,22.619,24.9283,5.4125,0.0638477269724953,-0.04807597195288105,-0.1556286095808168,-0.09182584144612516
2017-12-01,18.8694,10.1973,3.9181,11.1049,10.4983,1.7622,11.7796,22.1986,10.1408,0.5937,22.9514,24.1142,5.2537,-0.010636568035487515,0.06700561818029405,0.08518296725400054,0.037270832971235235
2017-11-01,18.5609,10.0686,3.8541,11.1114,10.5036,1.7633,11.7865,19.9338,9.2348,0.5331,23.0567,24.2137,5.2778,-0.011705999164770331,0.0063874697405938985,0.015632851123769997,0.0106219322383585
2017-10-01,16.9226,8.9908,3.5139,10.4637,10.0323,1.6605,11.0994,17.922,8.2986,0.4862,22.5703,23.7772,5.1664,0.016623673439523978,-0.0005842250557269724,0.11361814126002279,-0.004567439780635452
2017-09-01,18.657,9.8841,3.8698,10.3494,9.8983,1.646,10.4563,17.906,8.2922,0.4858,22.9073,23.721,5.0341,0.09680765916827871,0.0618970876525502,0.11735330557720003,0.02967929996853025
2017-08-01,16.9198,8.8636,3.5095,10.468,9.9952,1.6649,10.5762,18.3463,8.5331,0.4977,23.0532,23.8564,5.0662,-0.05655370059261766,0.0250496663290114,0.007192744857277278,-0.011854967996376198
2017-07-01,16.384,8.5138,3.3983,11.1308,10.6101,1.7703,11.2459,17.3977,8.1041,0.4772,22.5553,23.4299,4.9568,0.10266937316465286,-0.011336460815346117,-0.02400335617141547,-0.00632654781851727
2017-06-01,17.8795,9.1537,3.688,11.0315,10.3812,1.7458,11.3949,18.069,8.4118,0.4957,24.0941,21.4456,4.8132,0.03270361656918208,-0.059545957409062544,0.056950571819440965,0.030484638138825293
2017-05-01,16.8132,8.5397,3.4681,11.5852,10.8269,1.8334,11.9668,17.2828,8.0973,0.4741,22.8648,20.4647,4.5676,-0.05332236941724644,0.017707817070716336,-0.03070683507248262,-0.013635276242888295
2017-04-01,16.8144,8.5405,3.4683,12.5862,11.6728,1.9919,13.0008,16.6467,7.8315,0.4599,22.4885,20.2462,4.4925,0.06341823846220618,-0.04778831257780791,0.045490955023955504,0.05376594909867616
2017-03-01,16.3957,8.0313,3.3852,12.488,12.4204,2.0528,12.1481,16.3811,7.8121,0.4526,21.9396,19.5736,4.3277,-6.95439753733984e-05,-0.07953376145962476,0.050676767856028704,0.025703535836428593
2017-02-01,14.5238,6.8745,2.9987,12.12,12.1026,1.9923,11.79,15.4134,7.42,0.4259,21.7357,19.4906,4.2875,0.053236051766436754,-0.023929790840778065,0.016213182145280447,0.011439625605912829
2017-01-01,13.8619,6.5813,2.8621,11.5276,11.591,1.8949,11.2138,15.292,7.7599,0.4468,21.6782,19.445,4.2761,0.12888361602417442,0.030368640505960665,0.06278109267035403,0.009381845878909889
2016-12-01,13.4513,6.2212,2.8102,11.4163,11.0732,1.8562,10.0109,15.5819,7.9169,0.4553,20.9836,18.4089,4.1109,0.04774616427522238,0.05138878927484525,-0.02752226939800928,0.00265315518899234
2016-11-01,13.8189,6.4495,2.887,10.816,10.57,1.7586,9.4845,15.4912,7.8863,0.4526,22.0497,19.2399,4.3198,0.05333570087198103,0.03252277752645427,-0.018600091387595996,0.03619607029557015
2016-10-01,13.7593,6.5024,2.8745,11.1791,10.9236,1.8176,9.803,15.9234,7.825,0.4713,22.0081,19.2197,4.3116,-0.02659862267212465,0.055501330833663154,0.005855568461704763,-0.04834932936829328
2016-09-01,12.4567,5.7479,2.6713,10.805,10.786,1.8263,9.8934,15.7733,7.7622,0.4669,22.4051,19.5781,4.3523,0.0043347368131154695,-0.03248300020365835,-0.02911788417064498,0.010075472012037512
2016-08-01,12.2348,5.6102,2.6237,10.9233,10.887,1.8463,10.0017,16.1111,7.9545,0.4769,22.5082,19.6579,4.3723,0.07127580365505803,0.008445617373455505,0.01642902563213644,-0.025558366399152543
2016-07-01,11.2239,5.098,2.4069,10.3221,10.4117,1.7447,9.4512,16.0866,8.0917,0.4821,22.993,20.9864,4.4878,0.01813659366263365,-0.01083313481456294,-0.02096755985259613,-0.004583768853124726
2016-06-01,11.1572,5.0182,2.46,9.7924,9.7712,1.7662,9.3483,15.5932,7.9287,0.4673,22.6227,20.6864,4.4155,0.09006281469503863,0.058242278189854835,-0.0006847595310962573,-0.03012166587798848
2016-05-01,10.4735,4.5912,2.3092,9.2956,9.3395,1.6766,8.874,14.7318,7.5593,0.4415,22.7242,20.7686,4.4353,-0.036830808823202554,-0.0032212129035696924,0.039200858186376086,0.016367611045566388
2016-04-01,12.1773,5.7485,2.6849,9.6466,9.6525,1.7399,9.209,14.9243,7.6315,0.4562,22.8306,21.0541,4.5575,0.06528663587091232,0.05344678743049314,0.058471571463709626,-0.004464385793955916
2016-03-01,10.3108,4.6301,2.3333,8.2461,7.9419,1.4981,9.1098,14.4558,7.5438,0.4419,21.2262,19.738,4.2372,-0.139921080690099,-0.036381787935794496,-0.016425375385564878,-0.02674297219227173
2016-02-01,10.3801,4.6736,2.349,7.8534,7.6851,1.4268,8.676,14.4601,7.5457,0.442,21.1229,19.7312,4.2166,0.1333271901088744,0.1676485281246911,0.03240913859014061,0.07558534121295546
2016-01-01,11.2247,5.2431,2.5401,8.6608,8.3449,1.5735,9.568,13.1006,6.936,0.4082,21.1426,19.7475,4.2205,-0.006677500095815581,0.05000386996608919,-0.0003015326015637365,0.00489256214636824
2015-12-01,12.8443,6.2825,2.9169,8.528,8.0754,1.5642,9.253,12.5749,6.7161,0.3918,20.4618,19.7099,4.1148,-0.07524212889091142,-0.0932274748311489,0.09161250759968143,-0.000931160469284209
2015-11-01,12.9746,6.3636,2.9465,8.5683,8.1081,1.5717,9.2968,12.2329,6.5684,0.3812,20.3322,19.5991,4.0888,-0.10641974964424084,-0.0036516342792205503,0.04180823138619205,0.01570787467702872
2015-10-01,11.9757,5.9121,2.7196,8.8674,8.4208,1.6265,9.6213,13.3967,7.1015,0.431,19.0779,18.071,3.8346,-0.010041769816104273,-0.004711652457968785,0.027952560346230504,0.006375459516122728
2015-09-01,13.0273,6.351,2.9261,7.896,8.184,1.6063,10.1546,13.374,7.1183,0.4302,18.6974,17.7535,3.7582,0.08340877036589012,-0.03373103442506986,-0.11721188065904331,0.0647286073089186
2015-08-01,14.014,6.9763,3.1477,8.6488,8.8556,1.7594,11.1228,14.8719,7.7804,0.4784,19.5344,18.4519,3.9264,-0.01738834302625636,-0.01160681300850408,0.008539327851592615,0.020345730989097532
2015-07-01,14.4905,7.3723,3.2548,8.6846,8.9287,1.7667,11.1688,14.3679,7.5364,0.4719,18.6275,16.692,3.7238,-0.07040393248755306,-0.08704275819620089,-0.10072230041273489,-0.04284334984587901
2015-06-01,16.1239,8.238,3.6085,8.8591,8.694,1.7844,11.9921,15.0445,7.8465,0.4941,19.449,17.3418,3.8881,-0.032926909886756284,-0.004119112114573276,0.014803600554523122,0.055796810532183994
2015-05-01,15.489,7.8328,3.4664,8.9448,8.7675,1.8016,12.1081,15.8102,8.1864,0.5192,19.259,17.1916,3.8501,-0.033205819292229655,-0.03394610979934254,-0.03894388884455291,-0.042236291215049016
2015-04-01,15.3999,7.8846,3.4464,8.3813,8.3104,1.6882,11.3454,16.428,8.4269,0.5471,20.0946,16.8995,3.8678,0.040990816702427546,-0.009574349147210004,-0.04843023534146318,0.009862370584774016
2015-03-01,17.3656,8.9664,3.8294,8.5584,8.2893,1.6728,11.7904,16.7636,8.576,0.5583,21.4574,17.9193,4.1301,0.0057863129273958425,0.0672273435544819,-0.04536455319781063,0.008546088402138663
2015-02-01,15.8381,7.9937,3.4925,8.1023,7.915,1.5837,11.1621,16.9733,8.6692,0.5653,20.4019,17.1722,3.9269,-0.027548937815202956,-0.0019397414204007646,-0.020016877659569166,-0.06351052047728412
2015-01-01,14.9215,7.4754,3.2904,8.4791,8.2317,1.6573,11.6812,17.4473,9.1209,0.5739,20.9222,17.5658,4.0271,0.09644893481934358,0.05629126577170007,-0.01235568491251382,0.051737020325869576
2014-12-01,18.5553,9.5545,3.9695,8.2439,7.9651,1.654,11.8702,17.7845,9.2691,0.585,21.8973,17.3534,4.2685,0.061424846562810664,-0.04444056709123434,-0.0049515598511845615,-0.02486977196105411
2014-11-01,16.85,8.4941,3.6047,8.3573,8.0576,1.6767,12.0334,15.4949,8.2517,0.5097,20.4564,16.309,3.9876,-0.06786657990155098,-0.003896453017476542,-0.018962890305653013,-0.05171025689001263
2014-10-01,15.7189,7.9957,3.3627,9.65,9.1764,1.9361,13.8948,15.5672,8.2365,0.5156,20.8374,16.6052,4.0619,0.10120354893533379,-0.013564573679292646,0.14776468723312064,0.07043919459890069
2014-09-01,16.5912,8.1232,3.5612,10.8456,9.1043,1.9865,14.459,15.3697,8.151,0.5091,20.3989,16.6539,3.9778,0.0719602007346587,-0.13396180834750016,-0.002615500195153775,-0.011131835468464413
2014-08-01,15.4743,7.4244,3.3215,10.81,9.0786,1.98,14.4116,14.9788,7.9771,0.4962,19.2107,15.7745,3.7461,-0.012183771086355377,-0.007006363699116225,0.019520175267101925,0.022530832964391845
2014-07-01,15.0422,7.2197,3.2287,10.2235,8.7624,1.8725,13.6297,15.0877,8.1624,0.5115,20.7118,16.9178,4.0389,0.07217538015859759,0.003286517896805119,0.0260942269142046,0.06184817323967984
2014-06-01,15.1459,7.1222,3.2238,10.6775,9.2489,1.9341,14.5158,15.4294,8.3253,0.5231,20.0519,16.3545,3.8991,0.02873137282243965,0.05737324190729698,-0.019847895459017995,-0.0654987866922434
2014-05-01,14.1192,6.4827,3.0053,11.3789,9.7765,2.0612,15.4693,16.0203,8.5921,0.5432,19.9931,16.3111,3.8877,0.03340184663882484,-0.011035937009408858,-0.0160902975906142,0.035443755435949464
2014-04-01,12.8427,5.9718,2.7336,11.1484,9.8447,2.0194,15.1559,15.2386,8.2587,0.5244,18.9491,15.5761,3.6847,0.07271779482737295,-0.061638140686558374,-0.03688402578244421,0.0029420937219235554
2014-03-01,13.0556,5.7901,2.7613,10.7754,9.0738,1.9525,13.916,14.8936,8.1162,0.5125,18.5585,15.1891,3.6154,0.0993963251647274,0.020676344216872033,0.04964396321894804,0.06345533615883503
2014-02-01,12.4195,5.3858,2.6268,10.2814,9.0327,1.863,13.278,14.8896,8.1144,0.5124,18.3739,15.083,3.5794,0.02605837956453505,0.04523077420651522,0.023159386410140925,0.012041827230909963
2014-01-01,13.9184,6.4155,2.9438,10.9151,9.5306,1.9778,14.0964,15.1618,8.3231,0.5466,20.0695,16.3457,3.9097,0.05121804925024076,0.048052607910627154,0.0002680250174551535,0.010047853364837378
2013-12-01,14.0315,6.6453,3.0162,10.9315,8.9503,1.8838,13.873,15.6089,8.545,0.5627,19.3732,15.7838,3.7844,-0.10769632481255909,-0.05805862246903759,-0.04543500802446776,-0.08448332171707063
2013-11-01,13.1896,6.1069,2.8352,10.9029,8.9294,1.8789,13.8367,14.7881,8.1701,0.5331,19.0743,15.5606,3.726,0.01479165681637662,0.04951749460873378,-0.02863866595791076,0.03506813684975918
2013-10-01,12.03,5.4402,2.586,11.2661,9.267,1.9414,14.2977,14.4453,7.8662,0.5198,18.2597,15.0052,3.5668,0.06384191545889917,0.0026229273537845543,0.05550524741114482,0.015668291131480494
2013-09-01,12.1682,5.602,2.6882,11.2568,9.2417,1.9032,13.4313,14.2539,7.8213,0.5129,18.6161,14.7717,3.5873,0.09638142564309149,-0.03223878863844776,0.037722904425943504,0.05221185873166623
2013-08-01,11.3019,5.0379,2.4968,12.0455,9.8258,2.0366,14.3723,15.2227,8.2661,0.5478,19.5425,15.4402,3.7659,-0.015028082803483223,0.021043801160817388,0.01958173144878428,-0.007857351490084152
2013-07-01,9.9033,4.3413,2.1878,11.8027,9.7527,1.9956,14.0827,14.7213,8.0074,0.5305,19.5571,15.5163,3.7687,0.07665781681400774,-0.06547368227576011,-0.06363831103210826,-0.04740544412520009
2013-06-01,10.7361,4.8353,2.4959,13.0046,10.0397,2.1769,14.5261,14.7905,8.0714,0.533,19.5785,15.3878,3.7457,0.14122514685284515,0.02056389691583793,0.04631481324123876,0.0061587669993308225
2013-05-01,10.5701,4.7216,2.4573,12.662,9.7961,2.1195,14.1435,15.3597,8.3321,0.5535,20.7241,16.2093,3.9649,-0.11245709410424354,-0.07698382291904582,0.001293261669134127,0.0030009236137991113
2013-04-01,10.5672,4.7228,2.4567,13.3347,10.3233,2.2321,14.8948,14.9361,8.0351,0.5383,19.7988,15.5552,3.7879,0.015696283757292706,0.027056521580386406,-0.03705585063425665,-0.05528015192410107
2013-03-01,10.0091,4.6813,2.5114,12.6368,9.6758,2.0955,14.104,14.1277,7.7703,0.5092,19.0417,14.8108,3.6321,0.00027124575161074915,-0.05044570423580541,0.04532170253591561,0.05431324299269269
2013-02-01,10.3286,4.9044,2.5916,12.7777,9.8999,2.1189,14.2613,13.9621,7.6936,0.5032,18.3139,14.377,3.4933,0.008699215067474508,0.06656294798293638,0.05721926284682688,0.044421814735585485
2013-01-01,12.0674,6.1345,3.0279,12.0528,9.3817,1.9987,13.4523,13.8679,7.8374,0.4991,17.827,14.029,3.4004,-0.030933620045572097,-0.011030549557545122,0.011865763705405152,0.03974192453819847
2012-12-01,13.2536,7.3365,3.495,12.281,9.543,2.0029,12.9604,14.6382,8.2227,0.5268,19.3782,14.747,3.5988,-0.14408962885179244,0.06014108897516146,0.03089767145949529,0.027310123997768
2012-11-01,13.481,7.4979,3.555,12.5692,9.748,2.0499,13.2645,15.248,8.5033,0.5488,19.0,14.4826,3.5286,-0.08658978930280015,0.012196787379135765,-0.05262421612819401,-0.03748054433768411
2012-10-01,15.1065,8.6144,3.9836,13.404,10.4503,2.1861,14.1455,15.3112,8.3828,0.5472,19.3833,14.8012,3.5998,-0.016864434446485443,-0.022927146867637527,-0.039989574134822514,0.01990309540502677
2012-09-01,15.638,9.0674,4.1685,13.0433,9.5942,2.0478,13.3241,15.0622,8.3147,0.5383,18.9568,14.7812,3.5703,-0.10760042123868518,-0.062280086457722206,0.01653183204469766,-0.013110608460391027
2012-08-01,14.3573,8.1529,3.8271,13.1189,9.6453,2.0596,13.4014,15.4419,8.4882,0.5519,20.4774,15.8647,3.8567,0.007101495550085435,0.06921098691469307,0.02202590378059588,0.014170864168308928
2012-07-01,13.7283,7.6792,3.6595,13.0921,9.7101,2.0554,13.374,14.6734,8.1423,0.5258,19.816,15.4371,3.7321,0.08920047488392502,-0.005765475626159811,-0.02458632233048108,-0.07425735657549937
2012-06-01,14.0875,8.0685,3.7749,13.2849,9.5157,2.0341,13.3296,13.8526,7.8002,0.4964,19.2874,14.9818,3.6082,0.04582138213361686,0.002045370284319059,0.06755563372331186,0.04043639510161601
2012-05-01,14.2399,8.1782,3.8158,14.2614,10.1643,2.1836,14.3094,12.3983,7.1341,0.4443,19.6977,15.2734,3.685,0.010853146424000037,0.01814025833666366,0.06644026991373808,0.046300351119830774
2012-04-01,14.6196,8.4211,3.9175,14.3695,10.279,2.2002,14.4179,13.212,7.251,0.4735,19.1015,14.8815,3.5734,-0.010702407925239354,-0.06847625364079224,0.11729800213562447,-0.020833470035892643
2012-03-01,15.4497,8.974,3.9368,14.0259,9.7823,2.1012,14.2228,12.7544,7.0772,0.4571,18.1057,14.2596,3.4283,-0.02596926311778991,-0.007524347239575291,-0.03097573839597767,0.0387638937956587
2012-02-01,13.0014,7.2118,3.3129,13.7314,9.6019,2.0571,13.9242,13.2466,7.3024,0.4748,17.5018,13.8695,3.314,0.10528306088534922,0.06472080469543995,0.035883566996866456,0.05940480229825407
2012-01-01,11.5352,6.1301,2.9393,13.1097,9.3353,1.964,13.2938,13.6006,7.6196,0.474,18.1342,14.3265,3.4337,0.1883110250130806,0.02144291896339756,-0.037157825587566196,0.034503128559855156
2011-12-01,13.8128,7.6859,3.2635,14.0801,9.6388,2.0482,14.8036,13.4048,7.5713,0.4672,18.32,14.6512,3.353,0.12711075504142566,0.04742245111355681,0.033189790118991036,-0.03487227443401941
2011-11-01,14.6288,8.2739,3.4563,13.8277,9.4784,2.0115,14.5383,12.9087,7.3518,0.4499,18.617,14.8701,3.4074,0.05965464733601711,-0.0179831570011737,0.014600614946956192,0.04831574802327143
2011-10-01,13.781,7.6381,3.256,13.0967,9.1243,1.9051,13.7697,12.0109,6.8766,0.4245,18.4099,14.866,3.3695,-0.0557833902268311,0.018253036605503814,0.03843469526846266,-0.015953962363610574
2011-09-01,15.2348,8.7346,3.5337,13.3045,9.1548,1.9317,13.7143,12.3094,7.0488,0.435,19.8735,16.198,3.8415,0.06152336932027658,0.05581273104798168,0.09287075593291272,0.018146341812045996
2011-08-01,15.4584,8.8976,3.5856,14.0738,9.6455,2.0434,14.5072,12.1983,6.9995,0.4311,19.1852,15.6339,3.7085,-0.009121130044871029,0.021648147208900514,-0.017193831822678307,-0.041022039244957176
2011-07-01,13.2886,7.2916,3.0823,13.2767,9.257,1.9277,13.6856,12.714,6.9789,0.4472,19.5898,16.5126,4.0687,-0.014468956019412893,-0.054660484030709555,0.009106352447276755,0.035877432899803496
2011-06-01,16.5791,9.5123,3.6513,13.6348,9.2938,1.9817,13.9121,13.2117,7.2255,0.4647,19.4501,16.4047,4.0396,0.16328494087433865,0.06004052111543534,-0.008091605042073291,0.018017042094487845
2011-05-01,16.6888,9.5914,3.6754,13.768,9.3783,2.001,14.0479,13.1542,7.2005,0.4627,19.6393,16.5843,4.0789,-0.03495917860113962,0.02005051865211449,-0.031300506156967445,0.007184429504144996
2011-04-01,16.6114,9.5356,3.6584,13.1618,9.0511,1.9129,13.4295,12.7606,6.8295,0.4505,19.7162,16.6396,4.3599,-0.006569685042075224,-0.009672463877431259,0.004365485273258862,-0.009635219424066754
2011-03-01,19.7214,11.7249,4.2342,13.5203,9.259,1.9608,12.7351,12.7435,6.9331,0.4499,18.997,16.0783,4.2008,0.004648906804778141,0.04605364737019735,0.06369556863938297,0.024255683347571333
2011-02-01,18.9458,11.1602,4.0677,13.5303,9.4263,1.9622,12.7446,13.7462,7.3721,0.4853,18.679,16.0062,4.1305,-0.013306927044291705,0.011339469104327593,0.0013466428750117387,0.03785994841721285
2011-01-01,18.01,10.4223,3.8668,12.2575,8.6023,1.7776,11.5457,13.6803,6.3629,0.4789,19.5468,16.6917,4.3224,0.04093492400523924,-0.0007403907812669752,-0.07294476588504473,0.017024621337948576
2010-12-01,20.538,12.0755,4.3404,12.3536,8.4527,1.7753,11.3091,13.7208,6.4847,0.4803,18.385,14.2338,4.5506,0.05195938372724873,0.10384281932058448,0.045431249726855194,-0.044397244796930524
2010-11-01,19.8667,11.5949,4.1986,12.5405,8.5712,1.8021,11.4802,13.7411,6.4924,0.481,17.8466,13.8181,4.4173,0.03667038820599622,0.042076725032535345,-0.0029580086611732392,0.048353990658770885
2010-10-01,18.7294,10.726,3.9582,11.7144,8.1604,1.6834,10.7239,13.8473,6.2776,0.4855,17.4903,13.5118,4.2692,0.03378999832877416,-0.014902320205308683,-0.0014771059314880874,0.030169391122184974
2010-09-01,18.3057,10.0581,3.8565,11.1046,7.5191,1.5759,9.5401,12.9727,6.0478,0.4548,16.702,12.911,4.0768,0.06072228026500226,0.0705233464899453,0.012145209128578971,0.055785166789625196
2010-08-01,19.3712,10.7958,4.081,11.5798,7.8175,1.6434,9.9484,13.2444,6.1516,0.4643,16.4712,12.7219,4.0204,0.16721541808086537,0.0948155591284543,0.07364080060979994,0.047244338762217675
2010-07-01,18.9405,10.4456,3.9903,11.1361,7.6557,1.5804,9.5672,12.7,5.8903,0.4447,15.638,12.1191,3.7071,-0.05500514824389047,-0.04104356272149634,-0.020511726013490605,0.013971507735013544
2010-06-01,21.8065,12.1315,4.5292,11.5244,7.722,1.6254,9.1516,13.3579,6.1955,0.4677,16.0374,12.4205,3.8017,0.022740894741243523,0.039844623337137675,0.06490555226685424,0.1088635364456021
2010-05-01,22.1638,12.3735,4.6035,11.8685,7.9392,1.674,9.4248,14.1716,6.5179,0.4962,16.677,12.9031,3.9534,-0.02082707296438069,-0.009157775746535979,-0.043725098635871595,-0.024902287862800243
2010-04-01,19.9491,10.8271,4.1434,11.7995,7.9923,1.6642,9.37,15.0881,6.7018,0.5264,17.9714,13.7293,4.1188,-0.016124599047704913,-0.028992347745035008,-0.0574197483277612,-0.03835381556724193
2010-03-01,19.9824,10.3068,3.9323,11.9694,7.944,1.6825,9.2966,14.6729,6.6199,0.5119,17.2264,13.1741,3.948,0.11102117366747488,0.005848455105765371,-0.02981404737084925,-0.020227788888141474
2010-02-01,18.7562,9.5015,3.691,11.5204,7.7436,1.6193,8.9479,14.4992,6.553,0.5058,17.7263,13.6157,4.0626,0.1484704446338705,0.013082590502364377,0.028296831202758943,0.04324726394930578
2010-01-01,20.5793,10.5947,4.0498,12.3214,8.2516,1.7319,9.5701,14.9809,7.0574,0.5165,18.6249,14.2888,4.2686,0.06539589926160327,0.038973923810251554,0.011977944083982006,-0.028202996106088896
2009-12-01,22.0408,11.6954,4.1614,12.3403,8.2438,1.6831,9.1337,15.2892,7.2501,0.5271,18.9577,14.8053,4.3238,-0.08859655105178232,-0.06501156134181363,0.004666345264016325,-0.04824542379564001
2009-11-01,20.7828,10.8723,3.9239,11.7797,7.8933,1.6066,8.7188,13.9243,6.7128,0.4801,17.6684,13.8175,4.0298,0.05412408905047483,0.04066059088443552,-0.020164936366075192,0.0035841864942014467
2009-10-01,20.4355,10.5858,3.8583,11.682,7.8171,1.5933,8.6465,13.9545,6.5745,0.478,17.7557,13.9631,4.0112,0.06053070680859518,0.04759113123492176,0.09802800809349654,0.07296928240765999
2009-09-01,19.1583,10.0652,3.5463,12.0133,7.9783,1.5535,9.43,14.4605,6.8307,0.4953,16.1256,12.7206,3.6429,0.016994634113891793,0.008360827617393873,0.012018645950522933,0.0008507571738847197
2009-08-01,18.6093,9.7017,3.4447,12.0011,7.9709,1.5519,9.4204,14.179,6.7195,0.4857,16.4794,12.977,3.7229,0.10189668379792938,0.01794056945891631,-0.029697371973472997,0.10108684537570833
2009-07-01,16.2221,8.0766,3.0028,10.6262,7.1873,1.3741,8.3412,13.8881,6.5597,0.4716,15.3605,12.1946,3.498,0.02950019073879373,0.0010178185326712441,0.01984693812732563,-0.02146888785119394
2009-06-01,16.9339,8.6082,3.0116,11.2747,7.4847,1.3593,8.9791,14.2608,6.7296,0.4843,15.735,12.4779,3.5833,0.1471597982033528,0.12938124749525448,0.029727695034235557,0.047420463267930923
2009-05-01,15.6895,7.7776,2.7903,10.9491,7.2913,1.3201,8.7198,14.4501,6.8044,0.4907,13.7793,10.997,3.1379,0.04874454417564267,-0.012369461414969418,-0.020884276832310422,-0.023799915784113335
2009-04-01,13.1072,6.0389,2.331,10.2786,6.9869,1.2392,8.1858,14.9804,6.9606,0.5075,13.9524,11.0032,3.1853,0.0793137883465429,0.029745023676031268,-0.01309535119921923,0.1419280715249709
2009-03-01,11.9879,5.2525,2.0309,9.8107,6.7558,1.1529,8.1456,14.1581,6.6363,0.4796,12.9683,10.2615,2.9606,0.19701224503439252,0.06522893535678564,-0.027172326656041745,-0.010114324199720026
2009-02-01,12.098,5.3271,2.0495,9.7702,6.7248,1.1481,8.112,13.5485,6.3959,0.459,13.5619,10.7041,3.0962,0.17702419458170815,0.058536048291329745,0.058082229672029806,0.07588796337688009
2009-01-01,11.4564,4.8779,1.9408,8.9717,6.2691,1.0543,7.4491,16.2965,8.7709,0.5506,14.3714,11.3139,3.281,-0.00909817934559276,0.004146028778750921,0.04499151618996233,-0.04377319003857294
2008-12-01,13.8107,6.618,2.2285,9.1912,6.335,1.0131,8.4644,16.2442,8.7686,0.5489,15.1683,11.2722,3.3759,0.05600525477236018,0.08899730353889734,-0.15583540570322352,-0.056328824719030335
2008-11-01,16.0343,8.1268,2.5873,10.4719,7.0556,1.1543,9.6438,16.2238,8.7594,0.5482,14.2589,10.6172,3.1735,-0.07899040694623416,0.03713825537606841,0.0032211925893956828,-0.025924181172982674
2008-10-01,16.9389,8.7114,2.7332,13.1741,8.6389,1.4521,12.1323,17.8329,9.3109,0.6021,17.1133,12.6622,3.8088,-0.13867449829806633,-0.12229738726746742,0.0012539224051757447,0.06377661829630799
2008-09-01,32.6019,19.6879,4.6852,14.3369,9.2202,1.5341,12.0659,17.5887,9.2212,0.5939,17.532,13.0166,3.8345,-0.05340495036496318,-0.20511286358644798,-0.06812468696083951,-0.16086722406981058
2008-08-01,30.5673,18.262,4.3929,15.073,9.6326,1.6129,12.6854,17.4547,9.1612,0.5893,17.3401,12.879,3.7925,-0.32955839584724045,-0.03544277951272734,0.01797111386786665,0.015556142176309296
2008-07-01,32.2,19.2979,4.6275,13.96,9.1167,1.4938,11.7487,17.2477,9.1268,0.5842,17.5017,13.0562,3.8279,0.06656221723298161,-0.048835654542789375,0.007676023534500365,0.01106792214101282
2008-06-01,38.5992,24.1787,5.544,16.2027,10.2861,1.7005,13.7013,17.7204,9.3498,0.6002,20.3772,15.1449,4.3984,-0.050704440236485904,0.0797268344183748,0.04306049477279661,-0.002701103729190746
2008-05-01,35.5726,22.0265,5.1093,15.1099,9.6723,1.5858,12.7772,17.794,9.3826,0.6027,20.9502,15.5575,4.5221,-0.11290099822469446,-0.08047195136894936,-0.022564891607277704,-0.09221121772531804
2008-04-01,29.3456,17.5503,4.2149,14.4138,9.3453,1.5128,12.1886,16.5744,8.8238,0.5654,21.6619,16.0782,4.6757,0.08508166270950701,0.07232787336188129,-0.004139059797492073,-0.027348216216216192
2008-03-01,27.5374,16.4234,4.0202,15.1259,9.4427,1.5609,13.3926,15.6022,8.4798,0.5323,21.6519,16.2345,4.6851,0.21219540576625806,0.04828895250318199,0.10584530364037215,-0.026637511390971813
2008-02-01,29.815,18.0498,4.3527,14.2292,8.907,1.4684,12.5987,15.964,8.6428,0.5446,21.8519,16.2905,4.7284,0.14781636285235433,0.015108239651788091,0.06231083115033087,0.041225022691205426
2008-01-01,43.63,27.8389,6.3695,14.3607,8.9799,1.4819,12.7151,15.5408,8.4895,0.5271,22.7296,16.9216,4.9183,-0.07638902774401402,0.06301997718150765,-0.022664645201024403,-0.009152348209590322
2007-12-01,46.4847,30.451,6.4087,15.1074,9.3464,1.5167,12.3071,15.6618,8.5431,0.5312,23.5227,17.8387,5.2409,-0.31663960791201284,-0.00915896207296818,0.0723478562858415,-0.03861854464993941
2007-11-01,48.4566,31.6439,6.6806,16.6787,10.193,1.6745,13.5872,14.7822,8.2571,0.5014,23.3939,17.7442,5.2122,0.08703768350490759,0.03140724904461112,-0.007724114710716878,-0.006391071167089146
2007-10-01,39.1505,24.9425,5.3976,16.92,10.2069,1.6987,13.7838,14.6477,8.4636,0.4974,21.7689,16.57,4.8502,-0.04069498037969399,-0.09421257211797229,0.05950015085330507,0.005505194820497383
2007-09-01,38.7899,24.8627,5.2236,17.3611,10.5248,1.7525,14.6404,14.6409,8.5294,0.4972,21.0902,16.0797,4.7689,0.23770102182560238,-0.014261567974827027,0.035738591102153716,0.08125300895103038
2007-08-01,36.9076,23.3563,4.9701,16.4624,10.0529,1.6618,13.8826,15.4195,8.9013,0.5236,20.4353,15.6002,4.6208,0.10824681113701828,0.013082142920916251,0.0055065477475739755,0.06861250689541976
2007-07-01,34.1849,21.3966,4.6035,15.659,10.3831,1.5807,13.2051,16.3639,9.338,0.5622,20.5137,15.6336,4.6385,0.05100223427468298,0.054586623410439294,-0.05048932923300209,0.032047346463423665
2007-06-01,38.2306,24.5795,4.8043,16.3699,9.9794,1.6613,14.7576,16.1905,9.2846,0.5562,21.7172,16.1156,4.9577,0.0796460572956652,0.05130579273346392,-0.044897377300404995,0.002843993779301446
2007-05-01,31.4827,19.5678,3.9563,15.6957,9.6,1.5929,14.1498,16.2993,9.3369,0.56,21.3893,15.8775,4.8829,0.0070136244048844,-0.008820361391294385,0.015405727249131695,-0.012832362591887359
2007-04-01,29.3091,17.9856,3.6832,14.4749,9.0265,1.469,13.0493,16.1897,9.2003,0.5607,19.6721,14.6638,4.4909,0.21432855746998558,0.04295094093066254,-0.006678251512646782,0.015328665350365922
2007-03-01,30.5451,18.6425,3.4842,14.5768,8.9858,1.4844,12.7099,16.6586,9.5129,0.5769,19.6962,14.6553,4.5494,0.07415764293341343,0.08434094484901533,0.025546109360436775,0.09505590104616646
2007-02-01,30.9495,18.8939,3.5303,15.5508,9.5435,1.5836,13.5592,16.4448,9.4082,0.5695,20.2025,15.2052,4.6664,0.09809705237714827,0.0172589667653833,-0.028151596831548553,0.02827784751240192
2007-01-01,30.6282,18.6357,3.4936,15.2371,9.3654,1.5517,13.2857,16.318,10.0125,0.568,20.3587,15.3203,4.7024,-0.013064203401421115,-0.06263234489035385,0.013000481612892356,-0.025062536283118608
2006-12-01,40.2018,25.42,4.0028,14.7561,9.0644,1.5175,12.5108,16.2898,9.998,0.567,20.2727,14.9529,4.6558,0.010490445245532332,0.02058677973943679,0.03651254619305133,-0.007668334720087433
2006-11-01,35.5614,21.9751,3.5407,14.8219,9.1019,1.5243,12.5666,17.4134,10.5778,0.6061,20.2251,14.9181,4.6448,-0.07440546058560027,0.060326893579497165,0.0017353506557280518,0.03720967935775232
2006-10-01,33.7632,20.6729,3.3617,13.154,8.2302,1.3527,11.1525,17.5516,10.178,0.6231,19.342,14.2634,4.442,0.13048864821496275,-0.004440669054003532,-0.06452888856399541,0.0023549869022299053
2006-09-01,31.5581,19.6721,3.1247,13.427,8.2617,1.3703,10.6704,15.9146,9.369,0.565,19.8274,14.5579,4.5562,0.053260280675999194,0.1268004505828737,-0.0008113667533331537,0.05294701266920665
2006-08-01,31.6093,19.71,3.1298,12.8367,7.9302,1.31,10.2013,15.8363,9.3279,0.5622,19.6903,14.4579,4.5246,0.1345620340687148,0.01601554025861973,0.10703743870437377,-0.0029007263631040114
2006-07-01,26.6372,16.0246,2.6375,12.7388,8.0094,1.3,10.1235,17.3899,10.1568,0.6254,19.0354,14.0596,4.3742,-0.0016189889953465153,0.04598871016431327,0.00494359501779007,0.00696628759478668
2006-06-01,30.1869,18.3976,2.8598,13.677,9.1458,1.3605,10.053,17.491,10.2061,0.629,20.0136,14.6371,4.5347,0.18665968278617862,0.007680070693541374,-0.07618899554333947,0.041860037248767634
2006-05-01,35.5505,22.3332,3.368,14.0947,9.4039,1.4021,10.36,16.2563,9.5901,0.5846,19.0727,13.9566,4.3215,-0.041826788889177235,-0.035071628153404255,-0.002291798578413551,-0.022938933559570218
2006-04-01,31.6768,19.5127,3.001,14.1169,9.5128,1.4043,10.3764,17.6269,10.2971,0.6311,19.0318,13.9978,4.3122,-0.1508738027590718,-0.029633679167134885,0.07594970790089306,0.04933263454672776
2006-03-01,36.8226,22.6672,3.4716,14.3257,9.3172,1.3457,11.0702,16.9254,9.9401,0.606,19.2523,14.1246,4.3332,0.12228950509748593,-0.0015760169245282452,-0.04325308958333152,0.009466361075130214
2006-02-01,40.5968,25.1974,3.8274,14.5149,9.4321,1.3635,11.2165,17.2052,10.0794,0.616,18.9817,13.9354,4.2722,-0.08424541020869791,0.030372237564594284,0.04144643619463051,-0.002382503782151324
2006-01-01,38.6505,23.798,3.6439,14.6756,9.5297,1.3786,11.3406,18.2101,10.3508,0.6425,18.4908,13.5785,4.1618,-0.09296848151770154,-0.013038189005068812,-0.016265440632925565,0.014257256803700047
2005-12-01,43.4744,26.3546,3.9357,17.2941,10.6985,1.46,15.3232,18.8949,10.6793,0.6667,19.5826,13.9741,4.4912,0.05035482502032407,-0.010948662536483411,-0.011747391684833963,0.02654466315949322
2005-11-01,36.9167,21.6953,3.342,15.9285,9.9261,1.3448,14.1132,18.4086,10.4448,0.6495,19.6239,14.0038,4.5007,0.060011281513673964,-0.07314880448406047,-0.03624362873489384,-0.04952983170421266
2005-10-01,34.3654,19.8826,3.1111,15.6056,9.8344,1.3175,13.8271,17.3889,10.1936,0.6181,19.8119,14.2443,4.5438,0.1776355965975458,0.08573538226525557,0.0264212594079114,-0.002103514904010839
2005-09-01,38.9441,20.4861,2.9642,16.3493,10.3628,1.3127,14.8443,17.8413,10.4193,0.6342,20.8531,14.826,4.7253,0.074239847727819,0.020692915501984377,0.0796444596797854,-0.0031854335626889663
2005-08-01,35.4226,18.0253,2.6962,16.9253,10.6896,1.3589,15.3673,19.5833,11.3338,0.6961,20.7393,14.8757,4.6995,0.14331395682462444,-0.002568774571009236,-0.022273521047558864,-0.01840943049414301
2005-07-01,30.5723,14.8845,2.327,15.0474,9.7179,1.2082,13.6622,19.5935,11.6377,0.6999,20.1691,14.5951,4.5803,0.09941433659048271,-0.0340283898507685,-0.08895597881843242,0.005484731333484705
2005-06-01,43.2621,21.763,2.8029,15.1921,8.9499,1.2322,12.587,19.1992,11.5546,0.6858,21.5604,15.6021,4.8963,0.15865229056039687,0.12479871269828346,0.02385870584568739,0.0548638054616406
2005-05-01,39.2369,19.1313,2.5421,15.359,9.0376,1.2458,12.7253,19.1626,11.5354,0.6845,20.9855,15.186,4.7657,-0.07419491406505174,-0.015260365264536668,0.023805745781393606,-0.06453028115706472
2005-04-01,45.3411,23.0372,2.9376,18.3753,10.7382,1.4904,15.2243,20.7925,12.762,0.7479,20.1304,14.5811,4.5716,0.10260649566992286,-0.010866790570446372,0.0019089413633137653,0.027394087795865163
2005-03-01,70.1998,36.1368,3.5088,18.8548,10.7718,1.5351,13.4671,21.4149,13.1062,0.7703,20.7767,14.9263,4.7501,-0.13462919199257883,-0.16414956339147624,-0.05649641190573462,0.049298159720503554
2005-02-01,60.169,29.2706,3.0074,19.0259,11.0596,1.549,13.5893,21.7427,13.2848,0.7821,20.1408,14.4713,4.6048,-0.07111022238389453,-0.01107911466414524,-0.02906387219920914,-0.026401921182373722
2005-01-01,50.3886,23.259,2.5186,20.0768,11.6255,1.6346,14.3399,22.7672,14.1999,0.815,20.2136,14.5234,4.6214,0.1667103353072381,-0.008991332642860561,-0.015076347993988715,0.031573234895268865
2004-12-01,90.8455,41.1751,3.0123,19.6969,11.2864,1.6047,12.7437,22.4397,14.0422,0.8033,19.0825,13.7648,4.3838,0.19409930160109612,-0.05234324889390651,-0.005535774425929452,-0.0036017054277506233
2004-11-01,70.9964,29.7861,2.3542,18.7584,10.7877,1.5283,12.1366,23.2414,14.4834,0.832,19.7379,14.2326,4.5343,-0.03952283566927184,0.04807453414227325,0.014598534715999367,0.0659577753520939
2004-10-01,52.5021,19.1745,1.7409,17.9203,10.4024,1.46,11.5943,23.75,14.4514,0.8447,19.4417,14.0606,4.4663,0.2795802931076472,0.05002870722617203,-0.03449562376396764,-0.0332017877568922
2004-09-01,62.7091,22.3171,1.653,17.8571,10.4035,1.4828,11.5065,23.5134,14.4041,0.8363,21.1896,15.6929,5.002,0.35225844517249794,0.04676873603941334,0.013533716238607107,0.021173046401162132
2004-08-01,58.8,19.4286,1.55,18.359,10.6701,1.5245,11.8299,23.6652,14.4867,0.8417,20.7867,15.4571,4.9069,0.1235137117121583,0.014542155214767982,0.012457292884822557,-0.10422723415296353
2004-07-01,59.1636,19.6302,1.5595,18.5867,10.851,1.5434,11.9766,24.6542,14.8123,0.8658,23.9242,17.7606,5.6476,0.06648055790050611,-0.027334716630473377,-0.006414043131974578,0.01937980247859805
2004-06-01,65.2558,20.5067,1.4188,19.4524,11.0339,1.5884,12.7273,26.0421,15.6208,0.9145,25.0488,18.4883,5.8241,-0.0061451686188181975,-0.012251322532749298,0.009714694720458938,-0.12691300719863063
2004-05-01,59.9535,16.75,1.3035,19.3602,11.0695,1.5808,12.6669,26.6355,15.9409,0.9354,24.6683,18.212,5.7356,0.15965795764526436,-0.002949791818283365,-0.05573512064883923,-0.016942648978364505
2004-04-01,62.8837,18.3272,1.3672,20.166,11.4879,1.6466,13.1942,29.1171,16.5028,1.0154,24.5366,18.1864,5.705,0.08844010201462926,0.004763601501904358,-0.022280463570658493,0.015423866800019947
2004-03-01,72.4848,23.675,1.283,21.1893,12.306,1.7796,15.5858,29.0537,16.4698,1.0132,25.4898,18.6795,5.837,-0.046597592006054844,-0.039960812606022245,-0.04292009097017624,0.010430244319728166
2004-02-01,68.3636,24.8632,1.2101,21.7887,12.6236,1.8299,16.0267,26.2683,15.0189,0.916,25.1224,18.4608,5.7529,0.1304339267214909,-0.046747315359170094,0.002182528783967186,0.006805421837628556
2004-01-01,64.7576,30.1633,1.1462,20.3505,11.8616,1.7091,14.9688,27.2051,15.4884,0.9371,25.8929,19.0179,5.9293,0.06028468714117796,-0.02751174254212252,0.10603533550934396,0.014622625893326191
2003-12-01,104.55,23.7155,1.2151,22.1745,13.2469,1.7102,14.2399,28.5333,16.3077,0.9828,24.734,17.7122,5.5464,0.055685488619505286,0.07067311396629972,0.01686151837044636,-0.0297541276142127
2003-11-01,114.45,27.0157,1.3302,21.9149,13.1739,1.6902,14.0732,30.2308,17.1846,1.0413,24.6809,17.6747,5.5345,0.021998351372607194,0.025490431971797678,-0.04654948912179879,0.09657832380708808
2003-10-01,103.6,22.3498,1.2041,21.6332,13.0212,1.6684,13.8924,29.5503,14.7038,1.0195,22.8511,16.4249,5.1242,-0.08650056536260742,0.011845970129259475,-0.054658077169038255,0.0021551707599691827
2003-09-01,161.5,9.3529,1.3708,20.2411,12.439,1.573,13.3344,31.3069,15.5358,1.0801,24.0442,16.6497,5.294,0.10473004522019713,0.013019401545910414,0.05550603736195714,0.08538650952218663
2003-08-01,150.5714,8.3968,1.278,20.0535,12.323,1.5584,13.2108,29.582,14.7482,1.0206,24.8453,17.2304,5.4704,-0.08359157237959047,0.07922622345055297,-0.05610936251344267,-0.01286680371875748
2003-07-01,136.1429,9.5397,1.1556,20.362,12.491,1.5824,13.4141,29.489,14.7299,1.0097,25.6409,17.7711,5.6456,0.07257932135111078,0.009353937291382675,0.058307868982180766,-0.0322443789873027
2003-06-01,99.7222,7.7541,1.1065,22.5449,14.7492,1.7225,15.78,28.9066,14.4866,0.9897,26.04,17.6396,5.6454,0.10598295424643389,-0.01515130564855216,0.043441825586338245,-0.026431249524080713
2003-05-01,79.0,7.552,0.8766,21.7409,14.2727,1.6611,15.2172,30.9451,15.4104,1.0595,23.0857,15.6896,5.0049,0.0618368836944978,-0.06120920162617316,0.020148583751110616,0.018433166271891732
2003-04-01,78.5556,9.4077,0.8717,20.0841,13.3169,1.5345,14.0576,29.3955,14.751,1.0019,23.1314,15.768,5.0148,0.26230593543933955,0.036984209720945405,-0.06587387973083614,0.12796976270730331
2003-03-01,60.04,10.6553,0.9175,20.2875,13.5825,1.5615,14.017,27.1525,13.732,0.9254,23.3837,15.9233,5.0958,0.005659268031715348,0.08249381069153383,0.08432012951870238,0.0038884268848982106
2003-02-01,57.44,7.2125,0.8778,20.3525,13.6203,1.5665,14.0619,27.0056,13.6653,0.9204,23.5233,16.0155,5.1262,-0.05796241629421628,0.008114924757400832,0.08260483369404326,0.006464161598375595
2003-01-01,57.32,5.6924,0.8759,20.1704,13.5144,1.5525,13.9361,29.7118,14.7097,0.9847,25.4884,17.3144,5.5545,0.04526402943666774,-0.003196917295435031,0.005439440401016293,-0.005931559642227691
2002-12-01,46.9697,6.4897,0.9584,20.704,13.9196,1.7817,16.3616,31.7059,15.6215,1.0508,29.6667,18.985,6.5009,0.002094785217036099,0.009032623117258165,-0.052257163602899004,-0.07709779072603651
2002-11-01,48.697,10.1005,0.9936,18.8032,12.8261,1.6182,14.8594,31.5,15.53,1.044,29.5346,18.9007,6.472,-0.07548460087898701,-0.10673489849309559,-0.06289436993129527,-0.03516206852532111
2002-10-01,43.9394,16.7571,0.8965,13.8892,9.92,1.1953,10.9761,30.2086,16.5622,0.973,30.1132,19.2765,6.5988,-0.03546765206800151,0.10108861211892894,0.006535943446691839,-0.018072410615972423
2002-09-01,30.102,17.9517,0.9057,18.0452,12.4299,1.5552,13.9348,32.8098,17.9473,1.0568,29.4654,18.8627,6.4568,0.10827313743494349,0.35379937871024336,0.0890356817776965,-0.027040955827585367
2002-08-01,31.1429,17.0569,0.937,16.853,11.8332,1.4525,13.0142,30.1718,16.63,0.9718,30.4188,20.1322,6.3991,-0.01694840571576617,-0.22474010190955196,-0.0792819595800619,-0.05960832660790527
2002-07-01,36.1633,16.9784,1.088,17.236,12.0602,1.4855,13.31,35.4903,18.8479,1.106,27.875,18.4848,5.864,-0.03342013649733255,0.07073852265125691,0.08743389596815443,0.021225949072326333
2002-06-01,40.8772,21.8817,1.4117,17.7877,11.9179,1.6435,14.0538,34.9032,18.5731,1.0877,28.125,18.6466,5.9166,-0.1388274588857521,-0.022221821588969903,-0.1048340513984154,-0.10489921941724045
2002-05-01,42.5789,17.1395,1.4704,18.5196,12.3753,1.7111,14.632,36.0387,19.1285,1.1231,29.8113,19.3679,5.9201,-0.23948282306660684,-0.10327594164361154,0.016820720646974152,0.007919491994108574
2002-04-01,41.5263,44.9448,1.4341,22.9947,14.9856,2.1246,18.1677,40.8667,22.0218,1.2567,29.0503,18.8753,5.7689,-0.0399684423625577,-0.039517522591727805,-0.03150718092245253,0.0009013018731569566
2002-03-01,38.0702,28.4892,1.3223,20.4185,13.2152,1.9554,18.9419,41.34,22.2637,1.2713,28.4025,18.4582,5.6403,0.0253479239908323,-0.1946154362876531,-0.08766567019812632,0.06662458075852529
2002-02-01,43.3684,41.2919,1.5063,22.4516,14.3871,2.1501,20.828,39.9867,21.5862,1.2297,33.9936,22.8622,6.4746,0.09078416654274668,0.06132401564964329,-0.01145004587826215,0.10276390240232613
2002-01-01,38.4211,13.8361,1.3345,25.1714,15.9549,2.4106,23.3511,39.4178,20.6748,1.2239,37.1795,24.9824,7.0814,-0.12216893225718284,-0.09055527593495272,0.03384491603132256,0.08319998682707053
2001-12-01,93.9658,2.8234,1.3756,23.8977,14.3313,2.222,25.6526,37.774,19.8807,1.1728,39.0625,26.2355,7.4401,0.12876942389060053,-0.10805200752941968,0.04353353196781673,-0.07211031467430318
2001-11-01,112.3834,4.4657,1.1341,22.343,13.5647,2.0775,23.9837,35.2055,18.6775,1.0931,42.3142,32.9275,7.6112,0.028168365192082767,0.04774809142098935,0.04351809188539013,0.007825818885857094
2001-10-01,113.8374,7.7838,1.0017,18.9627,11.779,1.7632,20.3552,34.375,18.5475,1.0894,40.7939,31.7716,7.3377,0.21298504610644886,0.06958505885058064,0.0729564687209514,-0.019214211621854105
2001-09-01,140.8579,27.842,1.0867,20.1836,12.0756,1.8847,29.1972,33.3681,18.0704,1.0575,37.2466,29.0416,6.6997,0.13217242756967496,0.17825924342721478,0.0399893989444966,0.03312751182050744
2001-08-01,36.6015,22.3099,1.1008,21.2458,12.6445,1.9839,30.7337,38.8194,20.7347,1.2303,38.1482,27.0821,6.5214,-0.16388204069029844,-0.08113063763016026,0.030177175548386836,-0.03739505151589806
2001-07-01,46.7655,23.1719,1.3621,22.8189,13.6059,2.1308,33.0093,34.1259,18.2118,1.1103,44.4293,31.6706,7.5952,-0.012773892096480055,-0.04999494740514687,-0.1404295439359653,0.09125529369225682
2001-06-01,40.491,20.2144,1.081,23.1141,13.2811,2.0973,46.4502,36.1888,19.2192,1.1774,41.6214,29.597,7.1152,-0.19182802996986947,-0.07303947991165338,0.14713556731725008,-0.004987140668851642
2001-05-01,20.8557,32.3901,1.3812,23.8047,13.7952,2.16,47.8379,36.1818,19.2158,1.1772,40.4356,29.8862,6.7028,0.1654146955551241,0.016433730596019602,-0.05700474194852134,-0.05063334634858885
2001-04-01,24.7126,36.0331,1.1959,19.8848,11.7748,1.8043,39.9605,35.5634,18.4622,1.1785,35.7955,26.5377,5.9336,-0.21734097459989843,-0.029008102974645955,0.00019245874947615427,0.02619610242552506
2001-03-01,16.9988,34.6265,0.8983,21.4429,12.2106,1.9032,45.8829,35.2746,18.3253,1.169,35.5587,26.3689,5.8944,0.15496333200867718,0.19712960146159775,0.026055388432499216,0.026495264863198864
2001-02-01,8.3636,30.5508,1.0644,24.0401,13.5043,2.1337,51.4403,40.0,20.5658,1.3256,37.4038,26.0807,6.1002,0.20931348667143235,-0.03613956460078549,0.008184953137326145,-0.14840600368502121
2001-01-01,9.9159,30.209,0.7321,18.2447,10.6175,1.6193,39.0395,37.9464,19.5622,1.273,44.1827,30.6398,7.2057,-0.15606930493150672,-0.10803595567497482,-0.11813381603682493,-0.0856897068690412
2000-12-01,13.0522,27.381,0.6706,21.8357,12.4077,1.8222,56.2631,37.2768,19.2448,1.2506,44.8077,31.0601,7.3077,0.4537827124549316,0.31764711161193615,0.07051495517860484,-0.04820511378495573
2000-11-01,34.6661,21.3464,0.7951,23.0033,13.0192,1.9196,59.2718,32.4107,16.9485,1.0873,54.2843,31.9331,8.5903,-0.0984856587653562,-0.08975258792042196,0.017963500287667467,-0.024200862301149706
2000-10-01,28.9062,15.6307,1.0465,26.302,14.6381,2.1949,67.7714,34.8732,18.2876,1.1858,47.5806,28.0886,7.5295,-0.15654806609182437,-0.05076131134306194,0.15013797805937656,0.03726667911643888
2000-09-01,29.795,15.0721,2.6441,32.2498,16.6613,2.6088,61.1236,34.5109,18.1155,1.1734,38.9113,23.1303,6.1576,-0.24029121215669536,-0.12541598838108015,-0.0560943234871778,0.09872949831762168
2000-08-01,27.0472,9.5824,2.2048,27.4213,14.5069,2.2182,51.972,40.0362,20.7334,1.3613,47.0965,27.5227,7.7871,-0.5774363749526386,-0.1459270371911925,0.01049902463105945,0.047194746372583474
2000-07-01,39.9469,7.1043,2.2726,26.7647,14.1999,2.1651,50.7277,43.3271,22.8181,1.4812,47.687,27.845,7.8847,0.19926208888387742,0.17608549342139979,-0.13800895364237142,-0.1414371412919394
2000-06-01,43.7303,8.511,1.8389,27.2609,11.7315,2.1277,52.5076,43.3271,22.7668,1.4812,48.8189,28.4978,8.0719,-0.02983311830537061,0.024529960616837876,-0.040167750868623675,0.0709237264734186
2000-05-01,40.5654,8.9252,2.716,28.3247,12.1366,2.2107,54.5565,41.6353,21.9561,1.4234,50.3676,31.3696,9.0065,0.24702386840673718,0.022198469489737027,0.0,0.07611273808479124
2000-04-01,36.7167,6.1682,2.9732,30.0712,12.8015,2.347,57.9204,44.1406,23.6077,1.5245,50.046,31.1517,8.949,-0.32292206417423464,-0.037556222393643535,0.04063189107751586,0.12962932342824773
2000-03-01,36.385,7.0235,2.5526,26.4537,11.1332,2.0266,42.7309,38.0859,20.6245,1.3154,45.1287,28.1604,8.0697,-0.08651627279877594,-0.058077779159957044,-0.01867795469572442,0.010433112998613048
2000-02-01,36.5205,8.8813,2.3105,28.8995,12.0488,2.214,46.6817,42.7734,22.9341,1.4772,45.625,28.6204,8.377,0.18484183491179107,0.1532802639847406,0.15897414826950484,-0.034704179287206816
2000-01-01,29.8974,8.8079,2.2896,27.7731,11.6272,2.1277,44.8622,57.6042,32.6525,1.9926,46.6518,29.2511,8.5655,0.1048198086667036,-0.0846324967283304,-0.10958916749474645,-0.1534274230294964
1999-12-01,23.6241,8.2367,2.2763,25.5361,10.7678,2.0467,50.0206,48.0208,27.5738,1.6611,47.8571,29.9915,8.7868,0.009118157802368243,0.040556927413269106,-0.20736560604324517,-0.013948549813910582
1999-11-01,22.8947,10.0872,1.8635,24.3437,10.3185,1.9511,47.6849,46.9271,26.9981,1.6233,47.0218,29.9666,9.0775,0.050447166787426445,0.04808848810890676,0.19956635250028398,-0.13254816515867862
1999-10-01,19.5395,10.2365,1.4725,29.9805,12.4425,2.4029,58.7265,41.7215,24.2196,1.4359,45.344,28.97,8.7536,0.22152877609908894,0.04898164615379663,0.02330719721493346,0.14088914961170773
1999-09-01,16.25,12.7922,1.412,31.8548,13.5558,2.5203,68.9649,38.8706,22.7238,1.3378,38.6745,24.7792,7.4661,0.2655483690649578,-0.18801693203645897,0.18523110496727035,0.2263582847074459
1999-08-01,16.5648,14.5679,1.2051,32.1425,13.6673,2.5431,69.5878,37.0614,21.7698,1.2755,43.7081,27.8735,8.3591,-0.029693207424557166,-0.02765215717464997,0.07334265528009265,-0.1933125886029734
1999-07-01,17.2932,11.4713,1.0022,33.0535,14.0205,2.6152,71.5602,45.5189,24.1519,1.509,54.0268,34.4038,10.3326,0.1717159300314366,-0.008950428552409906,0.04881684426165345,-0.012383759870738587
1999-06-01,13.5103,24.3067,0.9593,30.9927,8.7199,2.4548,54.0328,40.2123,21.4468,1.3331,57.3825,36.5142,10.9744,0.20243107409890548,-0.027563556532307576,-0.12332125908033142,-0.020816595607129562
1999-05-01,14.2674,23.9959,1.0015,27.9452,14.3856,2.2134,48.7198,43.3962,23.0632,1.4387,52.9561,33.3136,10.1116,0.051063211103360207,0.11548607775762298,0.13196470052263498,-0.0948905894382911
1999-04-01,16.8801,24.1327,0.7824,23.6787,12.4438,1.8755,41.2815,46.5593,25.6008,1.4954,51.2669,32.2434,9.7891,-0.042119348764008024,0.10905324165975427,-0.07336938378464031,0.006428028870835378
1999-03-01,16.7777,6.6008,0.7675,24.3818,12.6708,1.8737,54.9772,43.4975,23.9995,1.3971,52.3226,32.9111,9.9907,0.2799973398433766,0.1801838349978262,-0.0009931779706581212,0.11179087655840081
1999-02-01,16.8981,7.6053,0.908,26.3209,13.5442,2.0227,59.3494,43.4343,23.9665,1.395,47.3276,30.4921,9.0109,0.03231686185254512,0.045568008914261826,0.07039140155219914,-0.03913937287621938
1999-01-01,19.6429,7.6432,0.9025,26.4825,13.617,2.0352,59.7138,44.0205,24.2741,1.3783,44.6552,28.7907,8.502,-0.15478046021137948,-0.07367001066715306,0.0014534861161397128,-0.02200954937277766
1998-12-01,20.172,8.9166,0.709,25.3164,12.9523,1.8598,43.3226,40.7096,22.843,1.2746,45.9914,29.6745,8.7565,0.0061089795871813735,-0.00610206083046394,0.05710997679124086,-0.02518672245856657
1998-11-01,30.576,5.6594,0.8241,22.7676,11.8184,1.6725,38.9608,37.3312,21.0761,1.1688,44.0141,28.348,8.2945,0.28179985531398954,0.11822968503748821,0.08132763043071489,-0.04174963815263999
1998-10-01,33.9461,5.379,0.8463,19.7012,10.4542,1.4473,33.7136,31.3938,17.8023,0.961,39.8768,25.7669,7.5148,-0.13973052758402849,0.11195279972874816,0.09049801302977811,0.03700226967333542
1998-09-01,28.125,5.5241,0.6756,17.8697,9.3697,1.3089,39.3952,33.9082,18.9718,1.038,42.9577,27.7459,8.0954,-0.026230743108037857,0.1556422802034778,0.265881047500929,0.17534748470547012
1998-08-01,332.8125,5.3291,0.7501,21.0231,10.7301,1.5399,46.3473,36.2789,20.1912,1.1106,42.1415,29.9927,7.7172,0.22244471256063303,0.14290707510567136,-0.07415173288278964,-0.11516292540777329
1998-07-01,342.1874,5.5875,0.6215,18.2167,9.5195,1.3343,40.1604,37.2701,20.645,1.1166,50.8272,36.1062,9.3078,-0.09927803877963126,-0.14999997713760005,-0.06534697153470881,-0.19099394279021364
1998-06-01,343.7499,5.8045,0.5395,18.8625,9.6846,1.3809,41.6266,33.8192,18.925,1.0132,50.0,35.5231,9.1563,0.20697444793022934,0.15405554513368624,0.04050934773992387,-0.05673788147247949
1998-05-01,17.9167,4.5036,0.5547,18.6016,9.5727,1.3618,41.0509,31.0201,17.4934,0.9293,51.8939,36.5984,9.1399,0.07746427851430493,-0.0210439896574538,0.10204046253778509,0.09090868683292852
1998-04-01,20.3704,4.0495,0.5572,16.6752,8.7464,1.2208,36.7997,32.5723,18.4192,0.9722,48.2008,34.0389,8.4894,-0.027399717544033697,0.014023630332099302,0.09023507629566985,0.03294883150139172
1998-03-01,20.463,3.5902,0.4591,16.4884,8.4889,1.2485,46.5655,29.6877,16.9353,0.8861,42.2348,29.8668,7.4387,-0.00454543067308133,0.11552395617331435,-0.0034086988360712,-0.018148958319976427
1998-02-01,23.6111,4.8112,0.3559,15.5905,8.1025,1.1805,44.0296,25.521,14.8207,0.7617,47.2868,34.0109,8.1495,0.1640203562639293,-0.0033838422479008923,0.09716585701959435,0.12841525730664416
1998-01-01,11.0188,4.9491,0.2551,16.518,8.5017,1.2508,46.6491,26.8282,15.9096,0.7891,44.8643,32.3007,7.732,0.2901085266761749,0.05759406449785054,0.16326499892102375,0.05984528588720872
1997-12-01,10.4949,4.6754,0.3157,17.8178,9.1229,1.3426,41.1978,27.2534,16.1774,0.8016,40.7946,29.4276,7.0306,0.3952285013755372,-0.056152933197817334,0.011196597128674046,-0.02905371521711486
1997-11-01,10.7659,6.6505,0.3029,16.0279,8.3508,1.2077,37.0592,23.8095,14.3873,0.7003,40.9,29.3051,6.9151,-0.2605594775059257,-0.04265649356684398,-0.015601517715929658,0.06933425846845687
1997-10-01,10.9415,7.8976,0.3858,17.2483,8.8772,1.2997,39.881,25.7923,15.4318,0.757,40.4,29.0078,6.8306,0.04219868557471984,0.11167467271112397,0.14464423971285179,0.103753064889609
1997-09-01,11.4504,5.9022,0.3499,16.9283,8.5783,1.2702,26.3714,25.0,15.0782,0.7337,40.7,29.2199,6.8813,-0.2146939912674496,-0.07075459223843217,-0.042667585503470606,-0.06946051646566731
1997-08-01,11.8162,7.6897,0.2815,17.6588,8.8889,1.325,27.5095,26.4085,15.8275,0.7751,39.0625,26.2862,6.7145,-0.002873468333312812,0.047565275612827085,0.03169098837018214,0.06434024324923748
1997-07-01,9.7794,7.1025,0.2292,15.0706,7.7884,1.1308,23.4774,24.5018,14.5071,0.7198,36.6211,24.7272,6.2949,0.24285420180565054,-0.04137144321913233,-0.05333346258160743,-0.17088614587852446
1997-06-01,9.0,9.8849,0.2517,14.9406,7.4438,1.1137,27.6026,21.6486,13.1081,0.636,38.2812,25.8245,6.5802,0.22807143230523064,0.17174479396785802,0.11132115709446833,0.018629297592276828
1997-05-01,8.2941,11.0236,0.2574,13.8611,6.9967,1.0333,25.6082,20.3804,12.435,0.5987,37.8601,24.9877,6.316,-0.1428609425205284,0.04588075498236854,0.13179952862938626,-0.00729871669086235
1997-04-01,10.3675,11.3342,0.2763,11.8532,6.1651,0.8836,21.8986,20.8022,12.6844,0.6094,33.5391,22.2451,5.5951,-0.022057417554249725,0.07788131465030323,0.06222184878679138,0.07662101323648973
1997-03-01,10.5971,12.4882,0.229,12.5968,6.2641,0.9494,16.3097,19.6828,12.1006,0.5766,34.0535,22.578,5.6809,-0.0684889494487978,0.16939884496936508,0.011360957156112628,0.1438387748456198
1997-02-01,10.1706,9.1452,0.2343,13.7469,6.7389,1.0361,17.7988,17.7239,11.1148,0.5192,34.0717,22.5565,5.6556,0.12307634803262069,-0.04296557939936141,0.056871848785632784,-0.08606602680574293
1997-01-01,14.3269,8.116,0.2941,13.2759,6.5445,1.0006,17.189,17.9134,11.2185,0.5138,31.8038,21.0606,5.2791,-0.022561704153278628,-0.08366479180732023,0.11052630280356235,0.053996034218993794
1996-12-01,16.6106,7.0946,0.3036,15.0276,7.1209,1.0943,19.9402,20.0787,12.3398,0.576,31.3291,20.7475,5.2003,-0.20359037344247322,0.035478876766781964,0.04616536240193203,0.09976243038784993
1996-11-01,12.9567,5.9814,0.2894,12.1635,5.9886,0.8857,16.1398,20.8661,12.7463,0.5985,33.0786,21.8692,5.4298,-0.13471575718807915,-0.046851041149256756,-0.1078436000844264,0.03185005944626185
1996-10-01,21.6692,5.8362,0.2792,11.7392,5.8208,0.8548,15.5768,21.2702,12.8199,0.6123,31.3865,20.7211,5.152,0.048914956496067585,0.23546524830659,-0.037735654476731884,0.012376422796880338
1996-09-01,20.1722,4.4087,0.2855,16.1369,6.3188,0.8148,17.0568,21.2702,12.8166,0.6123,30.131,19.9086,4.946,0.0366171974313283,0.03614482683063813,0.004739623830679385,-0.004996420803445201
1996-08-01,46.4844,3.4016,0.259,15.1669,6.0222,0.7658,16.0315,19.3548,11.8601,0.5572,29.2045,18.6985,4.7509,-0.08505059364157963,0.09201060097218283,0.0019388040778292037,0.017500466190951247
1996-07-01,49.2188,3.5971,0.2472,13.9677,5.7541,0.7053,14.7639,20.9711,12.7509,0.6068,29.8295,19.1892,4.8526,0.10227123014061923,0.06395318342345102,0.09895807992975802,0.06666660514580602
1996-06-01,48.0469,5.4868,0.2961,14.0446,5.7265,0.7819,12.3972,21.3843,12.954,0.6188,28.9773,18.6534,4.714,0.047621026085419516,0.08585863662021875,-0.052291543872303614,-0.04081699983310971
1996-05-01,36.5234,5.9265,0.2762,14.1762,5.7686,0.7893,12.5133,19.7314,12.1231,0.5709,29.6274,18.8183,4.7468,-0.19617259883201998,-0.06952354204660827,-0.01932390391389871,0.06521780683962342
1996-04-01,18.5315,5.2612,0.2784,14.6366,5.9863,0.8149,12.9198,19.1667,12.2026,0.564,27.9447,17.7722,4.4772,0.07179540375651339,-0.009280115377474418,0.08377021080667713,0.12883399906685722
1996-03-01,19.4056,5.3603,0.2983,16.2226,6.1663,0.9244,11.2275,17.7083,11.4612,0.521,27.1034,17.3436,4.3424,-0.0076331586052998945,-0.03146019862064242,0.04033284270605342,-0.012066025751752307
1996-02-01,27.6224,5.0368,0.2996,14.3539,5.5798,0.8179,9.9342,16.9792,11.0905,0.4996,27.7778,17.4468,4.3864,-0.10681977914156682,-0.09078234595441037,0.08235266061446622,0.02476815790682707
1996-01-01,13.7107,5.8099,0.3457,12.0884,4.9418,0.6888,8.3663,17.9435,11.652,0.5645,26.5152,16.6724,4.187,-0.00452429286438405,0.1301844651276165,0.04294498165668581,0.0713101040776607
1995-12-01,12.4092,5.8846,0.4241,14.91,5.44,0.7634,8.3711,19.3548,12.3787,0.6089,26.0101,16.5103,4.1072,-0.13333177331734591,0.18741451543055354,-0.0842697352187064,0.015151127753225024
1995-11-01,12.4697,5.4425,0.404,15.0064,5.4676,0.7683,8.4252,17.4395,11.4003,0.5487,26.9079,17.3923,4.2581,-0.161331325782878,-0.05193376247803827,-0.0710208555354156,-0.0169323281843905
1995-10-01,12.3256,4.8629,0.4144,14.5821,5.4239,0.7466,8.187,20.122,12.6942,0.646,26.5132,17.1426,4.1956,0.049913990772412875,-0.00642690180749117,0.10982653116238938,0.05391321297896856
1995-09-01,13.8372,4.008,0.4968,11.8536,5.1693,0.84,6.822,19.9187,12.5948,0.6394,25.5921,16.5869,4.0499,-0.025165989849338488,0.029100052174489743,-0.12626241948250383,0.0452247989842931
1995-08-01,13.8953,4.1164,0.5199,12.4842,5.3953,0.8847,7.185,21.6463,13.4912,0.6949,25.1366,16.6626,4.0574,-0.13135809128903397,-0.08374797991723348,0.012228894309921357,0.0739303385687693
1995-07-01,13.2794,4.2044,0.5365,11.0079,4.8662,0.7801,6.3353,22.2917,14.0415,0.7212,24.2486,16.0942,3.9141,-0.044444185001403236,-0.05051733220176868,-0.07981286720902414,-0.02095316075092002
1995-06-01,12.1247,4.426,0.4963,13.6662,5.3754,0.7836,5.7573,20.7292,13.222,0.6706,22.1995,14.8346,3.5833,-0.030955706240740843,0.1341153160853008,-0.002707294747880673,0.033184615716250754
1995-05-01,10.4215,6.3555,0.4567,13.905,5.4518,0.7973,5.8579,19.7917,12.7287,0.6403,22.8693,15.185,3.6695,0.12039208674405955,0.03500331683249436,0.07537696201258903,0.034483210157017385
1995-04-01,10.9785,6.4034,0.4209,12.0681,4.8641,0.692,5.0841,21.7161,13.7513,0.714,23.7216,15.7305,3.8062,0.08660138254858474,-0.017172578179993625,0.0473683511365377,0.06021479673580887
1995-03-01,11.1575,6.0603,0.4963,14.3179,5.0292,0.6567,4.8261,20.1271,12.9101,0.6618,23.0824,15.3537,3.7037,0.08510740680983808,0.15220702527338514,-0.07130446225479625,0.03514577107543593
1995-02-01,11.4558,7.73,0.5073,13.7233,4.8668,0.6295,4.6257,19.3856,12.4514,0.6374,24.9269,16.4881,3.9753,-0.1051428922281834,0.09503017719136553,0.07894777454803048,0.024999845040776236
1995-01-01,22.2948,7.373,0.4869,13.985,4.9382,0.6415,4.7139,19.1441,11.0385,0.618,23.9035,15.8323,3.8121,-0.02167064696530352,0.043326950809635445,0.038250953502334095,0.047618396447598466
1994-12-01,22.4347,6.2401,0.4812,18.8765,6.0088,0.6198,17.03001456762953,20.9459,11.8724,0.6762,26.2427,17.3519,4.1851,0.03525756504019206,-0.018706711428081668,0.07647054574831791,0.01941798306826703
1994-11-01,21.7351,5.9583,0.558,19.877,6.2445,0.6526,17.109333348918575,21.1712,12.0494,0.6834,25.4545,16.617,3.962,0.05012866282795714,0.042414965854016495,-0.08440208375981684,0.011145607037484018
1994-10-01,25.3759,6.059,0.4352,18.5763,5.9381,0.6099,16.108655581882683,21.6435,12.072,0.7121,26.2879,17.1425,4.0917,-0.13748361116052776,-0.05033536564760899,-0.01063803399881913,0.014888042981291205
1994-09-01,24.3421,5.7907,0.4824,28.6968,7.3954,0.6032,18.34611358301274,22.8009,12.6099,0.7502,25.6061,16.7382,3.9856,0.2820066557104508,0.07001780563764592,0.005347065426741349,0.040387283568136034
1994-08-01,21.2406,6.1182,0.4491,25.9214,6.8999,0.5449,16.49066648589913,23.1481,12.7754,0.7616,27.4525,17.6435,4.139,-0.06586221938801351,0.02047227424833631,-0.049131209081791916,0.057065834775546165
1994-07-01,19.6705,5.235,0.3629,24.6122,6.6662,0.5173,17.23779675832794,23.0952,12.5155,0.777,27.3734,17.5947,4.1271,0.0742136511803968,0.10707086051291226,-0.015000091952331873,0.03661989513874886
1992-10-01,19.9612,4.6812,0.4005,455.1076,8.6891,0.55,17.34993689280042,22.381,12.185,0.753,27.2152,17.5484,4.1033,0.09523826702259375,0.02056031855699736,0.05749467304063427,-0.02153852016677138
1992-09-01,19.186,4.8394,0.4108,486.7123,8.1893,0.502,17.71368015946971,24.0476,12.9502,0.809,27.8523,17.6057,4.0764,0.16343474710425587,-0.17182676832694632,0.030536789493388117,0.00631574368049348
1992-08-01,19.4853,5.8503,0.4553,532.3636,7.928,0.4769,16.754569987184173,25.1214,13.6568,0.8714,26.4262,16.7417,3.8676,-0.01638421795677547,-0.055346054464359584,0.03501052311196817,-0.058139555206012106
1992-07-01,17.0037,7.1578,0.5077,549.9218,10.3395,0.462,16.756382341537016,27.5485,14.7931,0.9556,28.6074,18.0856,4.1869,-0.016044428333571004,-0.08575210419713986,0.02237183481358862,0.026865517472761224
1992-01-01,15.2574,5.8629,0.4555,14.8833,10.7574,0.4937,17.068494468714132,25.7282,13.9396,0.8924,29.5296,18.6024,4.2675,0.04247197709485251,-0.03472202245438871,0.0023202525070034064,0.05483845948157984
1991-12-01,11.4078,5.6529,0.4068,15.2332,10.7574,0.4937,17.6343367105271,25.641,16.036,0.8927,29.5296,18.6024,4.2675,0.1485590244964623,0.011236697901155557,-0.08416206446406549,-0.034267702274973444
1991-11-01,13.3495,4.3942,0.4681,16.1801,14.1238,0.4673,17.44738354038451,29.359,18.0451,1.0221,29.1812,18.4648,4.2172,0.11350807149717435,-0.025856436310510378,0.20460345976079464,0.16080900012117993
1991-10-01,16.5049,3.8519,0.4569,17.0653,16.829,0.399,16.764290913636845,27.0513,16.7948,0.9418,28.2918,18.3587,4.1312,-0.014561688090380276,-0.05852421919963624,0.05675674261363217,0.04127532211454321
1991-09-01,13.9976,3.0669,0.3474,12.437,16.6238,0.3643,17.05746169970604,26.3369,16.3498,0.9245,28.9146,18.7514,4.2222,0.04040349616104599,-0.051870293265125045,-0.03141391518939829,0.03676698832779124
1991-08-01,13.5697,2.838,0.4151,12.9987,18.6946,0.3968,16.50097645575261,27.5401,17.0053,0.9667,28.8256,18.731,4.2092,-0.06392925260021942,0.0826485763072009,-0.055984715857049894,-0.01901137721874957
1991-07-01,10.5134,13.150255065604831,0.4346,12.4691,8.6125,0.386,17.62040345353023,27.139,16.7998,0.9526,32.0896,20.8589,4.6075,0.14594674498415494,-0.04321015864322275,0.06299172395498931,0.09355528064936447
1991-06-01,9.748,13.170619889103785,0.6187,10.4826,9.1624,0.4283,17.452437169371457,29.2479,18.0715,1.0398,31.25,20.3288,4.487,0.1144555521521542,0.042470871312112024,0.11514766779613317,0.10805729448534018
1991-05-01,8.1565,13.318850667378442,0.9147,10.1739,9.3739,0.4526,16.229849945571818,31.0585,19.0666,1.1042,29.8507,19.5218,4.2861,-0.11476146131836973,-0.07399272153593972,-0.0029157610424525027,-0.048035171926634535
1991-04-01,7.6923,13.338698862347536,0.8279,11.2481,9.9663,0.4172,16.066144743000883,29.805,18.375,1.0596,34.6457,22.5955,4.9347,-0.14545376440516045,0.030339919878968225,0.05864209826057576,0.08530841906239672
1991-03-01,25.041578420948987,13.368267399947493,0.8319,11.701,9.9663,0.4365,15.82226748136251,36.5994,21.8548,1.3128,32.6772,21.3434,4.6543,-0.19117714223695625,-0.09549963803346406,0.04634829658693351,-0.02316306483919428
1991-02-01,33.81564150723493,13.121590673961101,0.8921,11.5192,9.3996,0.4595,17.856823442749185,37.464,22.329,1.3438,32.185,21.1672,4.5843,0.1902719945848197,-0.10701706998528826,0.0954067108517811,0.03580003776504359
1991-01-01,30.16429608175224,13.22424572967996,1.0015,10.2696,9.8149,0.4352,17.010138556916843,37.536,22.3582,1.3464,33.642,21.5044,4.7063,0.031531107142889425,0.015778121702437087,0.07196962650683969,0.07435792076418468
1990-12-01,36.12560343324626,13.0566476892278,1.0057,14.9697,10.0602,0.4257,18.392464315275895,39.8754,24.0166,1.4113,31.893,20.4101,4.4616,0.29069673214402636,0.12168159941378587,0.09214792464257138,0.04838712196469985
1990-11-01,33.44093107042222,13.132125399188958,0.9888,13.8993,9.9817,0.5562,17.769934467195462,40.109,24.1455,1.4196,33.0247,21.1386,4.6199,0.1739815973908756,0.0057284151955854234,0.004149009382122815,0.009820818171435874
1990-10-01,33.92715212294359,13.11845562998829,0.9028,14.0146,6.2061,0.545,17.882680857463075,37.9283,22.9446,1.3424,29.7747,18.3307,4.115,0.19511987722370971,0.07701441803465814,0.12616820797089456,0.030639984296013667
1990-09-01,30.827061520636548,13.205612536944379,0.776,14.2889,6.4794,0.658,17.163822586929207,38.6438,22.9093,1.3859,28.5944,17.6194,3.9519,0.0603445886612608,-0.008225624872744697,-0.01834870881933759,0.1414959596563754
1990-08-01,24.52015424782502,13.382926880579383,0.8212,15.6389,6.7349,0.7089,15.701358086318537,37.3366,22.1879,1.339,27.6824,17.1019,3.8258,-0.21384586467491395,0.055989384248874785,-0.042612747971895626,-0.06508912329566963
1990-07-01,26.700701153473922,13.321622309794389,0.8345,16.4804,5.2855,0.7754,16.206989817289962,36.5196,21.7341,1.3097,29.6171,18.6224,4.0387,-0.11904739710300416,-0.08632302994575036,-0.09163340403855769,-0.06887067077859998
1990-06-01,28.025462689329192,13.28437755383996,0.8569,17.1844,5.4706,0.801,16.514179480013375,36.6894,21.6073,1.3338,27.0833,17.0752,3.6932,-0.06145388092045878,-0.05106404880480819,0.007197728418363303,0.027177699124233845
1990-05-01,31.459944842316645,13.187819459303137,1.0939,15.6091,5.2996,0.7598,17.31057746232998,36.1775,21.3249,1.3152,24.5495,15.5393,3.3476,0.08785895622275053,-0.009867063409674581,0.10642964754127249,-0.016620535302969808
1990-04-01,30.53433236251537,13.213842415122363,1.1008,15.1974,4.8715,0.7598,17.09594367520152,35.6655,21.0394,1.2965,27.1327,17.2816,3.6165,0.04761829713705046,0.10091802216444612,0.1360201782439241,0.18360703708382142
1990-03-01,28.939018853237954,13.258693553018272,1.0664,15.335,4.7551,0.6991,16.72601761259385,38.4477,22.4519,1.3968,25.0,15.9698,3.3323,-0.02173736569436191,0.027089700619111534,0.05182302882274592,0.025735578988481
1990-02-01,33.755075028957435,13.123293458682285,1.2531,14.56,5.1511,0.7327,17.84277910682091,38.9892,22.7499,1.4165,25.7109,16.4382,3.427,0.18763888941654305,0.0343838381868633,0.07386433193750652,0.06028387785744438
1990-01-01,29.439020031694184,13.244636365090857,1.202,13.8956,5.4215,0.759,16.841959379632033,38.8989,22.6921,1.4132,25.674,16.4516,3.4199,0.0,0.053232628375376345,0.03225714127830481,0.023593898469179697
1989-12-01,28.62332562664238,13.267569050126834,1.0489,9.92,5.3516,0.7506,16.652813724062053,45.8171,26.8068,1.6665,23.8971,15.3482,3.1832,-0.03546201157405526,0.04780798520039542,-0.04896714164021809,-0.1084149617610386
1989-11-01,24.805812921233372,13.37489578419758,0.9607,10.1867,4.8706,0.7671,15.767597472927598,38.035,22.5149,1.3835,22.7941,14.6504,3.0363,-0.2014269598498981,-0.024042107645038557,0.028654019013585552,0.004357438111752598
1989-10-01,28.32597641042948,13.275928818048342,0.9749,11.1012,10.137172963702772,0.8148,16.583863499461412,35.9922,21.3855,1.3092,23.9018,19.995708020683885,3.1235,-0.048389158409405275,-0.026184649205024058,0.05120394196228495,0.06735746723701164
1989-09-01,30.47286588677201,13.215570502650934,0.937,11.1986,10.16157836948522,0.8594,17.081690645172074,38.8211,22.8733,1.4429,23.1266,20.07901362405798,3.0222,0.04494606491291364,-0.08237963641359913,0.01219593381026396,0.08601569169798595
1989-08-01,29.49360551295946,13.243101731971343,1.0277,10.9954,10.15044633541783,0.7934,16.854616824104596,41.1585,24.1774,1.5298,20.4134,20.041015451725524,2.6676,0.002373083542581922,-0.05722954641038458,-0.028325230787558553,0.0075190028250564644
1989-07-01,32.18762058157661,13.167361358287094,0.8968,10.6966,10.181071354385104,0.8292,17.479313086716118,38.7195,22.7996,1.4392,22.6542,20.145551131490645,3.0276,0.11949438896322317,0.018478666861384996,-0.023120996240399094,-0.022058402247181474
1989-06-01,28.602580052226067,13.268152297628637,0.8047,11.247,10.14031733801423,0.7954,16.64800317828799,36.5385,21.573,1.3894,24.3298,20.006441052602508,3.2516,-0.036363917723595374,0.02793225502370955,0.1359888713127544,0.2133826491235613
1989-05-01,26.35144372282209,13.331441441326993,0.9442,11.7087,10.114726875069527,0.8475,16.126002960846915,36.5385,21.573,1.3894,23.7936,19.919090365822942,3.1799,-0.1342312342991333,0.031721263037566505,0.006600247966353834,-0.02380905693351576
1989-04-01,34.59970753881996,13.099547198808656,1.1049,11.1957,10.208491471546589,0.8225,18.03863501658839,34.6154,20.407,1.3163,25.8596,20.239147174313615,3.3797,0.22435897435897445,-0.03943078701370406,0.05208369793110412,0.06451626580666292
1989-03-01,31.618175057224775,13.183370926054423,1.3661,11.2345,10.174598012722223,0.9094,17.347268357283316,34.141,20.2837,1.3515,21.8481,20.123454976324044,2.8554,0.09473795610026103,0.04581921510787024,0.10949397055844279,0.06582002209658211
1989-02-01,29.104702944039083,13.254035459195043,1.2104,12.0782,10.14602536959312,1.0201,16.764436934558066,31.1674,18.6047,1.2338,21.4183,20.025924892330337,2.7992,-0.014534311328366467,-0.09416478611970946,0.01960727282631125,0.07329799810352355
1989-01-01,28.52502514571701,13.2703327002806,1.1734,11.2692,10.139435709507206,1.0042,16.63001951486763,29.0749,17.2712,1.151,20.7965,20.003431694946908,2.7197,-0.0397355885052213,-0.0698563325679118,-0.05555554778909322,0.02139103816973531
1988-12-01,28.01036242645233,13.284802087305398,0.9091,11.5144,10.133585127703547,0.8953,16.510677985944717,27.7523,16.8042,1.1306,20.3171,19.98346127316463,2.657,-0.06211035924566766,0.07179433831209292,0.07713957643158631,0.04761890978977856
1988-11-01,31.10870812584322,13.1976942370901,0.8236,11.9153,10.1688064955854,0.9379,17.22913164317741,27.6376,16.7395,1.1259,22.7876,20.10368616633845,2.9801,0.0725890703099954,0.03781929108244819,0.037190270125486924,0.03604639704062884
1988-10-01,28.84352666416917,13.261378249985357,0.6891,11.2108,10.143056370414907,0.8708,16.70387459850504,24.656,15.0701,1.0045,23.0597,20.015790487266027,3.0894,-0.025888853179156124,-0.03363900652630669,-0.03585674798220717,0.005797004981297427
1988-09-01,26.979258003311887,13.313790876279109,0.6499,10.9456,10.121863740958624,0.878,16.27158241183248,26.0766,15.5958,1.0768,21.6045,19.943451399783655,2.8945,-0.10693724142238636,0.06283883093628662,-0.027130763160250204,-0.007193766950821301
1988-08-01,31.432934059007195,13.188578848827417,2.8569375357986804,12.3445,10.172492230482913,0.8563,17.304314121200164,27.2727,16.2658,1.1262,20.0,20.116267082724406,2.6795,0.08668467244145739,0.04388450771925401,0.07641695433170637,0.09374981647799485
1988-07-01,27.106458902993808,13.310214710805088,2.99606142313719,12.5163,10.123309735084934,0.9372,16.301078136469574,30.0239,17.8044,1.2398,21.1783,19.948387167467317,2.7481,-0.10140722951006476,-0.11331930038147497,-0.08745306732346037,0.04234527227157203
1988-06-01,28.506526968133617,13.270852763772064,2.9510402674072127,10.6921,10.139225425962042,0.9876,16.62573010218539,31.1875,18.2994,1.3002,21.656,20.00271391144576,2.8101,-0.04053978991140794,-0.012758247386956634,0.0749397220427257,-0.008447007508658677
1988-05-01,32.1224330728335,13.16919406008942,2.8347657262630914,10.7753,10.180330315957017,1.0318,17.464197212437927,28.1875,16.6228,1.1752,17.9538,20.14302166511236,2.3297,0.11666038621021291,0.1433275963714422,0.08407195394770262,0.026316259201406567
1988-04-01,29.719582954625754,13.236748532215561,2.912032747818092,10.2288,10.15301520131536,0.9372,16.907017148396736,24.8125,14.7343,1.0345,19.3792,20.049784038713533,2.4151,0.012197368963954291,-0.007718243750927445,0.018017698900525403,-0.006536566114730746
1988-03-01,30.01402190369222,13.228470584445603,2.9025646497241837,12.8706,10.156362323796191,0.9125,16.975292531556896,24.8684,14.543,1.038,18.2047,20.061209132822523,2.2688,0.024997993015046793,0.05342636166367587,-0.012015746533499239,0.007854015598398822
1988-02-01,27.876420186595407,13.288567780904163,2.971302236267501,12.3092,10.132062499384233,0.919,16.479619059207764,23.1579,13.5948,0.9666,17.198,19.978263921725947,2.1433,-0.06793344842053994,-0.07470443149922346,-0.04255272422632217,0.023410750682892
1988-01-01,30.27042765765305,13.221261913697612,2.89431956245553,12.6515,10.159277092599767,0.8726,17.03474866380995,22.4342,13.1901,0.9364,16.0774,20.071158427501018,2.0446,0.03614513802217223,0.04560597126115029,0.07305857425350037,-0.006644533666897323
1987-12-01,29.165199781234637,13.252334632384798,2.9298597176667527,14.0484,10.146713085414817,0.8328,16.778465121904205,23.758039876388917,13.072645579539378,0.7730327577885077,15.7407,20.028272346906057,2.0018,-0.011904233780285045,-0.02705590278303649,0.0543477814060076,-0.013114546559059193
1987-11-01,35.77609878663711,13.066473771066365,2.7172769718359957,15.5389,10.221864449558856,0.8775,18.311420133658096,24.02159369536541,13.222831522739918,0.7820899742292085,15.0253,20.28479460227081,1.9108,0.27550214732588896,0.05248676835466948,0.08333270658685477,0.0378570274166381
1987-10-01,26.089232941671032,13.338813316406599,3.0287717531258362,19.1223,10.111746115889774,0.9011,16.065200741546192,23.635411651854017,13.00276597909836,0.7688185507029692,15.1661,19.908915819077205,1.8856,-0.1456307507092408,-0.09591852292617142,-0.1312216043059361,-0.10303092631746635
1987-09-01,22.161878257585638,13.449228181872034,3.155061360925302,22.0611,10.067100741373341,0.982,15.15451400423802,23.478841520526938,12.913544608898873,0.7634379055919045,15.0787,19.756522947796668,1.8747,-0.3163710382481889,-0.1873963074486098,-0.2706265362127801,-0.14241076635473793
1987-08-01,30.535004529475017,13.213823517612363,2.885811721411632,21.0948,10.162284749020193,1.0682,17.096099539284253,23.812649283121022,13.10376470841231,0.7749094493059812,15.2972,20.081424785498875,1.9019,0.047647519346195155,-0.09848874660539109,-0.06413060242015955,-0.04444508299640282
1987-07-01,36.54867290218107,13.044753383199302,2.6924337656841715,21.2914,10.230646916003746,1.0488,18.49056692767304,24.052393569698328,13.24038280769231,0.7831484340506709,14.4404,20.31477274206599,1.7784,0.3090895203145456,0.04580768917185729,0.0872486124871088,0.06299208525873579
1987-06-01,29.865033933935553,13.232659278352806,2.9073555672197826,20.4861,10.154668658659405,1.0203,16.94074475602094,23.785939858440344,13.088544363081743,0.7739915607271741,13.8538,20.05542796297059,1.7062,0.01852079631590997,-0.009231273900781711,0.10270009941735658,0.07715871753964998
1987-05-01,30.05720227455577,13.227256598130854,2.901176124230652,20.5021,10.156853189527462,1.0264,16.985305324956187,23.793600949619538,13.092910030060734,0.7742548396326037,14.0343,20.06288465775678,1.7284,0.02687524361508986,0.022369437444078155,0.15598207370161332,0.0379012693725842
1987-04-01,29.366458193757627,13.24667639106716,2.923387970644039,19.2217,10.14900095038359,1.0685,16.825133523869297,23.766063357488573,13.077217754138793,0.7733084904840523,14.3396,20.036081763121512,1.7837,-0.0031545989782503225,-0.0007806488483974583,0.033112252794778696,0.005864569702561884
1987-03-01,34.69923444892941,13.096749068445117,2.7519050576092083,17.0609,10.20962287335104,1.0217,18.061713613846038,23.978662815845013,13.198367393712159,0.7806146236942934,14.3396,20.243009110100243,1.7837,0.22868586984381833,0.06661149996512417,-0.014173162599431244,-0.06248843845058061
1987-02-01,27.631684449047487,13.29544835719778,2.979172057762026,15.7461,10.129280392969282,1.1521,16.422869005225277,23.696903891415218,13.037807285021671,0.7709317757182322,14.434,19.968767457884518,1.7954,-0.07857324379459063,0.0849977636356054,0.05022899734007269,0.019497618533410144
1987-01-01,35.44851479471333,13.075683568832648,2.727810895351761,14.676,10.218140540927866,1.2386,18.235458978937757,24.008534047647828,13.215389492425393,0.7816411700476686,15.3807,20.27208338336382,1.8381,0.26126055483594346,0.08349444418373375,0.12886603354756687,0.05278692568731902
1986-12-01,37.95819257729639,13.005125710677286,2.647108680155921,12.2776,10.246670050873332,1.1556,18.81741056094712,24.108586274048456,13.272404177508113,0.7850795367289168,15.4835,20.369466236210446,1.8504,0.3703678651496112,0.07291644890708637,0.04390759151968493,0.12913968183154023
1986-11-01,29.726662043793528,13.23654950851107,2.911805109759783,11.9396,10.153095674970672,1.1482,16.90865866874208,23.780423446821267,13.08540084011816,0.7738019852764977,15.6893,20.05005872811928,1.875,0.012505129738634935,-0.047725167066124285,-0.023622435813635878,0.04169194829967471
1986-10-01,33.00963185185596,13.144251078946459,2.8062366030094825,12.9898,10.190415812416118,1.1882,17.669923515867,23.91130416815619,13.159983119581183,0.7782997953467481,13.5531,20.17744757777049,1.9022,0.15523102390900112,0.028311420397780562,0.06128085352841528,-0.0034133198368513362
1986-09-01,30.211408612416832,13.222921193407199,2.8962174027768497,12.5859,10.158606176018473,1.118,17.02106315127832,23.799748626239683,13.096413278904839,0.774466108958817,15.1099,20.068868315584155,2.1207,0.033579306931147856,-0.08085498368842226,0.06845340248909904,0.0888845743336979
1986-08-01,27.263179310668583,13.305808624744357,2.9910218582362598,12.0189,10.125091301013615,1.1031,16.337418932811016,23.68221285825122,13.02943561095186,0.7704269078031302,17.7198,19.954468378571217,2.487,-0.09459386794176938,-0.022429818908057064,-0.10554823173241945,-0.10561062075865013
1986-07-01,33.67143100992238,13.125645052528943,2.784955521254146,13.2888,10.197939011526772,1.244,17.8233834817965,23.937687825713397,13.175017826764321,0.7792064887041844,19.3966,20.203127324577537,2.6548,0.1840024967273799,0.04717008659206523,0.010752779753697927,-0.03194905801752901
1986-06-01,26.473665756915715,13.328005253221537,3.0164097758235995,13.5895,10.116116270457823,1.2614,16.154344171256795,23.650737666744703,13.011499497021955,0.7693452402215557,18.2471,19.923832938930676,2.4974,-0.12891767672071963,-0.09556327958994748,-0.10284570138966698,-0.058296871117857196
1986-05-01,28.739534339838944,13.264301922386755,2.943547587994708,13.935,10.141874206683841,1.1405,16.679760547657235,23.741070058427024,13.062975341686455,0.7724495777957568,17.0498,20.01175528032125,2.3336,-0.030409880890235108,-0.03151260051717619,0.08355085497551884,0.0818960710112171
1986-04-01,34.57167300100553,13.100335370484036,2.7560069751910143,13.5114,10.208172780585166,1.1493,18.032134284205437,23.973577379397256,13.195469461622013,0.7804398590151791,17.2189,20.238059352088165,2.327,0.2231401832304687,-0.02480009006554118,0.1820994936911562,0.0403584271116284
1986-03-01,31.067557447532224,13.198851160000052,2.8686867340947386,13.5061,10.168338702988962,1.0911,17.219589500951013,23.833880337361354,13.115863208516043,0.775639069746564,17.1185,20.102089399423466,2.3134,0.07080005984050208,0.031352678587224236,0.029655732267074297,0.06781679462696588
1986-02-01,32.429279951481874,13.160567271945803,2.824898633760338,13.5621,10.18381848927428,1.225,17.53534978337883,23.88816753279557,13.14679872552605,0.7775046882411691,18.3735,20.15492822325191,2.483,0.13000044039557923,0.01131956011985058,0.1580888755371408,0.09350642740342963
1986-01-01,31.303911811458377,13.192206220239244,2.8610864274448495,13.9201,10.171025531642059,1.1716,17.274396056978325,23.84330297340429,13.12123269049524,0.7759628854074953,18.5434,20.11126064140585,2.4853,0.08107547810648308,-0.004125173185203446,0.05836460788274156,0.14754105037767906
1985-12-01,30.615417881622864,13.211562751734759,2.883225917092571,13.5379,10.163198871759683,1.2041,17.114746027619084,23.815855087057514,13.10559153334616,0.7750196190627011,17.6136,20.084545059222243,2.3607,0.051143459991263684,-0.025723868631658986,0.009010309702508268,-0.007396379717928614
1985-11-01,31.58192907511473,13.184389956816926,2.8521463917177687,12.5813,10.174185975721192,1.2057,17.33886353066501,23.854386566047005,13.127548667328973,0.7763437810359308,15.5992,20.1220485259954,2.0907,0.09316217547808336,0.12195524661976709,0.07594921575162816,0.024243994111070366
1985-10-01,31.29168153295406,13.192550066075508,2.8614797092336954,12.0001,10.170886500307182,1.3336,17.271560063460193,23.842815394240798,13.120954843879936,0.7759461293990533,18.3417,20.110786070757726,1.9629,0.08054377128688484,0.0760347225495297,0.11792607162192614,0.1623041088536914
1985-09-01,33.63747143840204,13.126599802436274,2.786047538989575,12.0226,10.19755296597935,1.6411,17.815508834896498,23.936333974329845,13.174246335583577,0.7791599626281936,18.4045,20.20180959368035,1.9696,0.18252611695715482,0.04843574530183692,0.10994686465371806,0.03801421410014916
1985-08-01,30.589405746328318,13.212294064959575,2.8840623738500133,12.4736,10.162903171061474,1.8672,17.10871425597447,23.81481807263769,13.105000591468109,0.7749839813167221,17.0226,20.083535712141437,1.8217,0.05001259206184283,-0.013320465985355523,-0.07602109319365058,-0.026177970365979797
1985-07-01,28.17095746999494,13.280287068532322,2.961830976094953,11.7497,10.135410739709894,1.7854,16.547917244426856,23.718402853058038,13.050058451954854,0.7716706029892827,20.254,19.98969283149524,2.0601,-0.05512854932080713,-0.036155852866370686,0.045454884346382673,-0.008650200697914667
1985-06-01,26.723692888094213,13.32097591304922,3.0083698021324756,11.8019,10.118958528366427,1.8021,16.21232120940264,23.660705389019085,13.017179595975378,0.7696877881626573,20.9225,19.933534724351976,2.1281,-0.11804783997209478,0.06161611058233474,-0.09263380884685157,0.052771995813001515
1985-05-01,30.266359543116476,13.221376285929148,2.8944503783941538,11.6069,10.159230847095689,1.8006,17.03380533725752,23.80193933095781,13.097661650321514,0.7745413941012095,22.3708,20.07100057273495,2.2754,0.035968278252278996,-0.02938491119967601,0.04295894762055119,0.022099940449196165
1985-04-01,25.244580138653127,13.36256014680828,3.055932750743929,11.6528,10.102144273489367,1.802,15.869340126141218,23.6017382480155,12.983577215543727,0.7676613399744547,21.7228,19.87614081497364,2.1366,-0.18235171788907178,0.01679816369720455,0.11733339503584217,-0.009122915971881196
1985-03-01,28.529389398020776,13.270210002340194,2.9503050938524806,11.8841,10.139485321445585,1.6895,16.631031510730242,23.732692301951012,13.058201283533398,0.7721616701722385,20.8801,20.003601040726206,2.0537,-0.03954585425578949,-0.003937167316971912,0.052041574147726255,-0.010354154038263008
1985-02-01,26.999367215066233,13.3132255196742,2.9995051068263052,12.0948,10.12209233841473,1.5935,16.27624539593132,23.67169557682983,13.023442346136685,0.7700654738668996,19.7097,19.944231696131943,1.9386,-0.10606300090343557,-0.04453917710659272,-0.019229540156969538,0.10236152612367921
1985-01-01,26.068079044211867,13.33940804362884,3.029451986419858,10.9196,10.111505642657658,1.4707,16.060295512605066,23.634568318676937,13.002285406329108,0.7687895689521218,18.6531,19.908094985862004,1.7459,-0.14655040855154955,-0.01741456957095555,0.0,0.05833473927254684
