Date,AAPL US Equity - Price Earnings Ratio (P/E),AAPL US Equity - Enterprise Value/EBITDA,AAPL US Equity - Price to Sales Ratio,IBM US Equity - Price Earnings Ratio (P/E),IBM US Equity - Enterprise Value/EBITDA,IBM US Equity - Price to Sales Ratio,IBM US Equity - Price to Free Cash Flow,WMT US Equity - Price Earnings Ratio (P/E),WMT US Equity - Enterprise Value/EBITDA,WMT US Equity - Price to Sales Ratio,KO Equity (USD) - Price Earnings Ratio (P/E),KO Equity (USD) - Enterprise Value/EBITDA,KO Equity (USD) - Price to Sales Ratio
12/1/2024,37.4235,25.2546,8.9291,22.1745,18.5129,3.1449,15.6863,35.3227,18.0639,1.0192,22.5293,28.6002,5.9207
11/1/2024,37.1562,25.2276,8.8702,21.3972,17.986,3.035,15.1438,34.4443,17.64,0.9936,23.1147,29.2752,6.0732
10/1/2024,38.3224,26.0281,9.1486,22.8836,18.9324,3.2458,16.1958,33.9399,17.4029,0.9791,25.4329,31.9446,6.6823
9/1/2024,34.8554,26.0281,9.1789,21.5996,17.4947,2.9696,14.5618,32.4604,16.7073,0.9364,26.0848,29.6913,6.7299
8/1/2024,33.8021,25.4487,8.9015,20.5321,16.802,2.8228,13.8421,28.85,15.0189,0.8322,24.0223,27.5265,6.1978
7/1/2024,32.0578,24.1152,8.4421,18.4814,15.4383,2.5409,12.4596,29.0069,15.2629,0.8315,22.9101,26.3485,5.9108
6/1/2024,29.8989,22.2962,7.8314,18.1955,15.221,2.4559,11.6076,28.1716,14.8923,0.8075,23.1179,26.6554,5.8993
5/1/2024,26.4899,19.8449,6.9385,18.1246,15.1749,2.4463,11.5624,25.4255,13.5928,0.7288,22.6917,26.2267,5.7906
4/1/2024,26.6687,19.9818,6.9853,20.8248,16.904,2.8108,13.2849,27.0516,13.9719,0.75,22.475,25.9993,5.7353
3/1/2024,28.1542,20.9562,7.3282,20.009,16.7324,2.726,13.2937,26.3502,13.6405,0.7306,22.2466,23.3247,5.671
2/1/2024,28.7227,21.4177,7.4762,19.8608,16.5837,2.7058,13.1953,24.7647,12.9437,0.6866,22.0502,23.1933,5.6209
1/1/2024,29.9891,22.5183,7.8058,17.6862,15.1625,2.4095,11.7505,23.959,13.2472,0.6649,21.8426,22.9987,5.568
12/1/2023,31.0376,23.1766,7.8083,17.6825,15.468,2.356,11.9279,23.6611,13.104,0.6566,21.9838,22.7176,5.6133
11/1/2023,27.9036,20.9163,7.0198,16.1301,14.4461,2.1492,10.8808,24.8343,13.6649,0.6892,21.2502,22.0309,5.426
10/1/2023,27.9755,20.971,7.0379,15.6461,14.1037,2.0847,10.5543,29.2549,14.712,0.6841,21.0584,21.8556,5.377
9/1/2023,31.5748,23.2334,7.7591,16.7998,14.7499,2.2,12.2306,29.7451,14.9359,0.6956,22.8446,23.6291,5.863
8/1/2023,33.0168,24.4653,8.1134,16.4966,14.5496,2.1603,12.0099,29.2421,14.7124,0.6838,23.6464,24.3789,6.0688
7/1/2023,32.6,24.1506,8.011,15.3101,13.7332,2.0049,11.1461,29.1248,14.8987,0.6845,22.9935,23.7695,5.9012
6/1/2023,30.0934,22.0635,7.3442,14.8573,13.3441,1.9202,12.1366,27.2144,14.0638,0.6396,23.4663,23.7956,5.9355
5/1/2023,28.8081,21.2294,7.0305,14.6055,13.1801,1.8876,11.9308,27.9741,14.4045,0.6575,25.2324,25.4013,6.3822
4/1/2023,27.9966,20.6185,6.8325,15.1462,13.5219,1.9575,12.3726,28.2105,14.5052,0.6568,24.3985,24.652,6.1713
3/1/2023,25.0272,18.1819,6.1157,15.282,13.2078,1.9284,12.8448,27.1927,14.0532,0.6331,23.937,23.681,5.9899
2/1/2023,24.4975,17.8043,5.9863,15.9238,13.5752,2.0094,13.3842,27.5256,14.2028,0.6409,24.665,24.3136,6.1721
1/1/2023,22.0594,16.0638,5.3905,16.6519,14.0275,2.1013,13.9961,28.0952,14.0629,0.6479,25.5862,25.1274,6.4026
12/1/2022,24.2275,17.7588,6.0935,18.1759,14.5881,2.2155,17.5758,30.2015,15.0544,0.6965,25.5808,25.6848,6.5009
11/1/2022,25.0966,18.4059,6.312,16.8808,13.8061,2.0576,16.3234,28.2022,14.1875,0.6504,24.0687,24.3068,6.1167
10/1/2022,22.6187,16.733,5.6888,14.5029,12.3612,1.7678,14.024,21.438,11.9037,0.6091,22.5285,22.9037,5.7252
9/1/2022,25.9439,19.042,6.6265,16.0845,12.8961,1.9352,14.0813,21.9091,12.2305,0.6225,25.2146,25.6282,6.4601
8/1/2022,26.8168,19.6982,6.8495,16.3775,13.0644,1.9704,14.3378,21.8264,12.1909,0.6201,26.2197,26.5402,6.7176
7/1/2022,22.5611,16.6199,5.7625,17.6798,13.7705,2.1271,15.4779,20.0627,11.3404,0.586,26.01,24.6801,6.7747
6/1/2022,24.1753,17.884,6.3362,19.5261,13.664,2.135,13.4275,21.2261,11.9349,0.62,26.2044,24.8444,6.8253
5/1/2022,25.6062,18.9755,6.7113,18.5937,13.1903,2.0331,12.7863,25.2459,13.8493,0.7374,26.7129,25.2743,6.9577
4/1/2022,28.361,21.2562,7.4333,18.2857,13.0325,1.9994,12.5745,23.0884,12.5955,0.7258,26.6003,25.7005,6.9207
3/1/2022,27.373,20.3939,7.2226,17.9183,12.485,1.9142,10.2202,20.955,11.6426,0.6587,26.7032,25.7915,6.9475
2/1/2022,28.9744,21.6234,7.6451,19.5359,13.2437,2.087,11.1428,21.676,11.995,0.6814,26.1755,25.2547,6.8102
1/1/2022,29.4369,22.099,7.7671,19.5491,13.25,2.0884,11.1504,22.9303,12.4286,0.71,25.4033,24.5936,6.6093
12/1/2021,29.4822,22.1069,7.5546,21.8327,13.6853,1.8592,7.5738,22.2868,12.1751,0.69,22.293,20.4032,5.98
11/1/2021,26.7177,19.9919,6.8462,22.2785,14.3092,1.8972,7.7284,23.6799,12.8501,0.7332,23.9591,21.7562,6.4269
10/1/2021,25.2373,19.005,6.4669,24.7414,15.3962,2.1069,8.5828,22.4806,11.8975,0.6938,23.2929,21.6157,6.2027
9/1/2021,29.814,21.8972,7.3642,21.9353,14.2465,1.9739,7.8608,23.8871,12.6206,0.7372,24.9976,23.0074,6.6566
8/1/2021,28.6418,21.0108,7.0746,22.0322,14.291,1.9826,7.8955,22.9919,12.1936,0.7096,25.3173,23.2683,6.7417
7/1/2021,26.8941,19.8831,6.6429,22.9122,14.6626,2.0618,8.2108,23.7515,12.52,0.7082,27.1381,24.6162,6.959
6/1/2021,28.0639,19.8479,6.4967,19.3554,13.7514,1.8963,7.5818,23.9216,12.6459,0.7132,27.7299,25.084,7.1108
5/1/2021,29.6066,20.9842,6.8539,19.1049,13.6234,1.8718,7.4837,23.5646,12.4767,0.7026,27.0729,24.5646,6.9423
4/1/2021,27.5099,19.5618,6.3685,17.9442,13.0309,1.758,7.029,25.0272,12.9007,0.6876,27.0502,24.934,6.8574
3/1/2021,32.8942,22.7158,7.0595,14.1488,12.5501,1.4671,6.4938,23.9382,12.4538,0.6576,25.1412,23.4121,6.3734
2/1/2021,35.7968,24.806,7.6825,14.1702,12.5388,1.4693,6.5036,25.8858,13.3412,0.7111,24.7101,23.0141,6.2641
1/1/2021,35.9948,25.2786,7.725,14.9756,13.0189,1.5528,6.8733,26.6527,13.6762,0.7441,28.1433,25.7436,7.1345
12/1/2020,36.5278,24.9002,7.5369,10.6387,10.5798,1.3977,7.9031,28.2502,14.4104,0.7887,26.677,24.4909,6.6139
11/1/2020,33.4013,22.693,6.8918,9.6172,9.9021,1.2635,7.1442,25.6543,13.2479,0.7163,24.8468,23.031,6.1602
10/1/2020,35.5337,24.347,7.3318,10.4794,10.4704,1.3768,7.7847,26.7608,13.4563,0.7318,25.5241,23.5618,6.3281
9/1/2020,39.1942,26.8037,8.2889,10.2514,10.6938,1.3847,8.2044,26.558,13.3601,0.7263,25.4237,23.2425,6.1843
8/1/2020,32.2751,21.9137,6.8256,10.2207,10.6725,1.3805,8.1798,24.7505,12.5685,0.6768,24.2482,22.3168,5.8983
7/1/2020,27.7008,18.9496,5.8583,10.0402,10.5268,1.3562,8.0354,24.048,11.9483,0.6363,22.9342,21.2797,5.5787
6/1/2020,24.9032,16.7878,5.281,9.2019,10.6671,1.3823,8.7377,24.9073,12.3117,0.659,21.5042,20.1379,5.3741
5/1/2020,23.0124,15.5964,4.8801,9.2505,10.7042,1.3897,8.7839,24.4033,12.1022,0.6457,21.1403,19.847,5.2832
4/1/2020,19.9177,13.3707,4.2238,8.1726,9.886,1.2277,7.7604,23.0426,11.4435,0.6179,20.3848,19.2375,5.0944
3/1/2020,21.5812,13.8921,4.6143,9.5283,9.9586,1.4297,8.8379,21.8379,10.9674,0.5856,25.0378,22.614,6.1368
2/1/2020,24.4351,15.8793,5.2245,10.5224,10.6222,1.5788,9.76,23.219,11.5319,0.6226,27.3361,24.3856,6.7001
1/1/2020,23.183,15.2575,4.9568,9.813,10.134,1.4724,9.102,23.9128,11.6867,0.6535,25.9084,23.2687,6.3502
12/1/2019,22.5242,14.2476,4.7513,9.3565,9.8701,1.4838,8.8398,23.9631,11.7313,0.6549,25.136,23.4621,6.3344
11/1/2019,20.9659,13.1733,4.4226,9.3064,9.8339,1.4759,8.7925,23.5949,11.582,0.6449,25.6208,23.8579,6.4566
10/1/2019,18.8765,11.9554,3.9819,10.1199,10.4237,1.6049,9.5611,24.2699,11.6166,0.6611,25.6255,23.8204,6.4578
9/1/2019,17.7743,10.9889,3.7893,8.9825,7.8914,1.4917,8.7116,23.3661,11.2911,0.6364,25.6358,23.9135,6.6544
8/1/2019,18.1405,11.2427,3.8673,9.8248,8.5002,1.6316,9.5285,22.5726,10.9743,0.6148,24.5133,23.0026,6.3631
7/1/2019,16.853,10.5618,3.5928,9.1395,8.0107,1.5178,8.8639,22.5134,10.9839,0.6232,23.7169,22.3116,6.1563
6/1/2019,14.7417,8.9564,3.2286,8.8662,7.5243,1.3938,8.8609,20.6694,10.2818,0.5722,23.1771,22.249,6.033
5/1/2019,16.8973,10.7755,3.7007,9.7934,8.142,1.5396,9.7876,20.9547,10.3965,0.5801,23.1441,22.2219,6.0244
4/1/2019,15.9946,10.122,3.503,9.8513,8.2045,1.5487,9.8455,19.8323,10.2181,0.5551,22.1062,21.4089,5.7543
3/1/2019,14.2566,8.6283,3.2077,9.1459,9.0341,1.5113,10.1501,20.1292,10.4543,0.5634,21.3294,21.8812,5.6298
2/1/2019,13.7041,8.2304,3.0834,8.9003,8.9886,1.4707,9.8774,19.4866,10.173,0.5455,22.6419,22.9578,5.9763
1/1/2019,12.9878,7.7743,2.9222,7.5264,7.8575,1.2437,8.3527,19.2549,10.5199,0.5359,22.275,22.6335,5.8794
12/1/2018,15.0919,8.8607,3.3413,8.3771,8.3165,1.3559,8.2069,20.185,10.9415,0.5618,24.1616,24.2967,6.1665
11/1/2018,18.496,11.4236,4.095,7.7812,7.8365,1.2595,7.6231,20.7287,11.2639,0.5769,22.9535,23.2217,5.8582
10/1/2018,19.0774,11.8298,4.2237,10.1932,9.8151,1.6499,9.986,19.7384,10.114,0.5447,22.1433,22.4841,5.6514
9/1/2018,20.8833,12.3552,4.5025,9.9983,9.8346,1.5978,10.2576,20.1482,10.368,0.556,22.2992,22.6743,5.4097
8/1/2018,17.4577,10.0902,3.7639,9.8925,9.7483,1.5809,10.1491,18.7547,9.7334,0.5175,23.3299,23.582,5.6598
7/1/2018,16.9824,9.941,3.6615,9.5355,9.5015,1.5238,9.7828,18.8242,9.3517,0.5039,21.944,22.3721,5.3235
6/1/2018,18.2188,10.1221,3.862,9.8592,9.8427,1.5633,8.9239,18.1407,9.0601,0.4856,20.681,23.804,5.1836
5/1/2018,16.1119,9.0752,3.4154,10.1139,10.0531,1.6037,9.1544,19.4418,9.6237,0.5204,20.782,23.9486,5.209
4/1/2018,16.3576,9.2426,3.4675,10.7048,10.5723,1.6974,9.6893,20.1746,9.7593,0.5324,20.8879,24.0535,5.2355
3/1/2018,18.5177,9.9912,3.8436,11.2136,10.7554,1.7534,10.277,20.4104,9.8588,0.5386,21.3076,23.6962,5.0987
2/1/2018,17.4063,9.2894,3.6129,11.78,11.2576,1.8419,10.796,24.1723,11.4459,0.6379,23.462,25.7365,5.6143
1/1/2018,17.5935,9.4128,3.6518,11.0402,10.6606,1.7263,10.1181,22.5457,10.2047,0.6029,22.619,24.9283,5.4125
12/1/2017,18.8694,10.1973,3.9181,11.1049,10.4983,1.7622,11.7796,22.1986,10.1408,0.5937,22.9514,24.1142,5.2537
11/1/2017,18.5609,10.0686,3.8541,11.1114,10.5036,1.7633,11.7865,19.9338,9.2348,0.5331,23.0567,24.2137,5.2778
10/1/2017,16.9226,8.9908,3.5139,10.4637,10.0323,1.6605,11.0994,17.922,8.2986,0.4862,22.5703,23.7772,5.1664
9/1/2017,18.657,9.8841,3.8698,10.3494,9.8983,1.646,10.4563,17.906,8.2922,0.4858,22.9073,23.721,5.0341
8/1/2017,16.9198,8.8636,3.5095,10.468,9.9952,1.6649,10.5762,18.3463,8.5331,0.4977,23.0532,23.8564,5.0662
7/1/2017,16.384,8.5138,3.3983,11.1308,10.6101,1.7703,11.2459,17.3977,8.1041,0.4772,22.5553,23.4299,4.9568
6/1/2017,17.8795,9.1537,3.688,11.0315,10.3812,1.7458,11.3949,18.069,8.4118,0.4957,24.0941,21.4456,4.8132
5/1/2017,16.8132,8.5397,3.4681,11.5852,10.8269,1.8334,11.9668,17.2828,8.0973,0.4741,22.8648,20.4647,4.5676
4/1/2017,16.8144,8.5405,3.4683,12.5862,11.6728,1.9919,13.0008,16.6467,7.8315,0.4599,22.4885,20.2462,4.4925
3/1/2017,16.3957,8.0313,3.3852,12.488,12.4204,2.0528,12.1481,16.3811,7.8121,0.4526,21.9396,19.5736,4.3277
2/1/2017,14.5238,6.8745,2.9987,12.12,12.1026,1.9923,11.79,15.4134,7.42,0.4259,21.7357,19.4906,4.2875
1/1/2017,13.8619,6.5813,2.8621,11.5276,11.591,1.8949,11.2138,15.292,7.7599,0.4468,21.6782,19.445,4.2761
12/1/2016,13.4513,6.2212,2.8102,11.4163,11.0732,1.8562,10.0109,15.5819,7.9169,0.4553,20.9836,18.4089,4.1109
11/1/2016,13.8189,6.4495,2.887,10.816,10.57,1.7586,9.4845,15.4912,7.8863,0.4526,22.0497,19.2399,4.3198
10/1/2016,13.7593,6.5024,2.8745,11.1791,10.9236,1.8176,9.803,15.9234,7.825,0.4713,22.0081,19.2197,4.3116
9/1/2016,12.4567,5.7479,2.6713,10.805,10.786,1.8263,9.8934,15.7733,7.7622,0.4669,22.4051,19.5781,4.3523
8/1/2016,12.2348,5.6102,2.6237,10.9233,10.887,1.8463,10.0017,16.1111,7.9545,0.4769,22.5082,19.6579,4.3723
7/1/2016,11.2239,5.098,2.4069,10.3221,10.4117,1.7447,9.4512,16.0866,8.0917,0.4821,22.993,20.9864,4.4878
6/1/2016,11.1572,5.0182,2.46,9.7924,9.7712,1.7662,9.3483,15.5932,7.9287,0.4673,22.6227,20.6864,4.4155
5/1/2016,10.4735,4.5912,2.3092,9.2956,9.3395,1.6766,8.874,14.7318,7.5593,0.4415,22.7242,20.7686,4.4353
4/1/2016,12.1773,5.7485,2.6849,9.6466,9.6525,1.7399,9.209,14.9243,7.6315,0.4562,22.8306,21.0541,4.5575
3/1/2016,10.3108,4.6301,2.3333,8.2461,7.9419,1.4981,9.1098,14.4558,7.5438,0.4419,21.2262,19.738,4.2372
2/1/2016,10.3801,4.6736,2.349,7.8534,7.6851,1.4268,8.676,14.4601,7.5457,0.442,21.1229,19.7312,4.2166
1/1/2016,11.2247,5.2431,2.5401,8.6608,8.3449,1.5735,9.568,13.1006,6.936,0.4082,21.1426,19.7475,4.2205
12/1/2015,12.8443,6.2825,2.9169,8.528,8.0754,1.5642,9.253,12.5749,6.7161,0.3918,20.4618,19.7099,4.1148
11/1/2015,12.9746,6.3636,2.9465,8.5683,8.1081,1.5717,9.2968,12.2329,6.5684,0.3812,20.3322,19.5991,4.0888
10/1/2015,11.9757,5.9121,2.7196,8.8674,8.4208,1.6265,9.6213,13.3967,7.1015,0.431,19.0779,18.071,3.8346
9/1/2015,13.0273,6.351,2.9261,7.896,8.184,1.6063,10.1546,13.374,7.1183,0.4302,18.6974,17.7535,3.7582
8/1/2015,14.014,6.9763,3.1477,8.6488,8.8556,1.7594,11.1228,14.8719,7.7804,0.4784,19.5344,18.4519,3.9264
7/1/2015,14.4905,7.3723,3.2548,8.6846,8.9287,1.7667,11.1688,14.3679,7.5364,0.4719,18.6275,16.692,3.7238
6/1/2015,16.1239,8.238,3.6085,8.8591,8.694,1.7844,11.9921,15.0445,7.8465,0.4941,19.449,17.3418,3.8881
5/1/2015,15.489,7.8328,3.4664,8.9448,8.7675,1.8016,12.1081,15.8102,8.1864,0.5192,19.259,17.1916,3.8501
4/1/2015,15.3999,7.8846,3.4464,8.3813,8.3104,1.6882,11.3454,16.428,8.4269,0.5471,20.0946,16.8995,3.8678
3/1/2015,17.3656,8.9664,3.8294,8.5584,8.2893,1.6728,11.7904,16.7636,8.576,0.5583,21.4574,17.9193,4.1301
2/1/2015,15.8381,7.9937,3.4925,8.1023,7.915,1.5837,11.1621,16.9733,8.6692,0.5653,20.4019,17.1722,3.9269
1/1/2015,14.9215,7.4754,3.2904,8.4791,8.2317,1.6573,11.6812,17.4473,9.1209,0.5739,20.9222,17.5658,4.0271
12/1/2014,18.5553,9.5545,3.9695,8.2439,7.9651,1.654,11.8702,17.7845,9.2691,0.585,21.8973,17.3534,4.2685
11/1/2014,16.85,8.4941,3.6047,8.3573,8.0576,1.6767,12.0334,15.4949,8.2517,0.5097,20.4564,16.309,3.9876
10/1/2014,15.7189,7.9957,3.3627,9.65,9.1764,1.9361,13.8948,15.5672,8.2365,0.5156,20.8374,16.6052,4.0619
9/1/2014,16.5912,8.1232,3.5612,10.8456,9.1043,1.9865,14.459,15.3697,8.151,0.5091,20.3989,16.6539,3.9778
8/1/2014,15.4743,7.4244,3.3215,10.81,9.0786,1.98,14.4116,14.9788,7.9771,0.4962,19.2107,15.7745,3.7461
7/1/2014,15.0422,7.2197,3.2287,10.2235,8.7624,1.8725,13.6297,15.0877,8.1624,0.5115,20.7118,16.9178,4.0389
6/1/2014,15.1459,7.1222,3.2238,10.6775,9.2489,1.9341,14.5158,15.4294,8.3253,0.5231,20.0519,16.3545,3.8991
5/1/2014,14.1192,6.4827,3.0053,11.3789,9.7765,2.0612,15.4693,16.0203,8.5921,0.5432,19.9931,16.3111,3.8877
4/1/2014,12.8427,5.9718,2.7336,11.1484,9.8447,2.0194,15.1559,15.2386,8.2587,0.5244,18.9491,15.5761,3.6847
3/1/2014,13.0556,5.7901,2.7613,10.7754,9.0738,1.9525,13.916,14.8936,8.1162,0.5125,18.5585,15.1891,3.6154
2/1/2014,12.4195,5.3858,2.6268,10.2814,9.0327,1.863,13.278,14.8896,8.1144,0.5124,18.3739,15.083,3.5794
1/1/2014,13.9184,6.4155,2.9438,10.9151,9.5306,1.9778,14.0964,15.1618,8.3231,0.5466,20.0695,16.3457,3.9097
12/1/2013,14.0315,6.6453,3.0162,10.9315,8.9503,1.8838,13.873,15.6089,8.545,0.5627,19.3732,15.7838,3.7844
11/1/2013,13.1896,6.1069,2.8352,10.9029,8.9294,1.8789,13.8367,14.7881,8.1701,0.5331,19.0743,15.5606,3.726
10/1/2013,12.03,5.4402,2.586,11.2661,9.267,1.9414,14.2977,14.4453,7.8662,0.5198,18.2597,15.0052,3.5668
9/1/2013,12.1682,5.602,2.6882,11.2568,9.2417,1.9032,13.4313,14.2539,7.8213,0.5129,18.6161,14.7717,3.5873
8/1/2013,11.3019,5.0379,2.4968,12.0455,9.8258,2.0366,14.3723,15.2227,8.2661,0.5478,19.5425,15.4402,3.7659
7/1/2013,9.9033,4.3413,2.1878,11.8027,9.7527,1.9956,14.0827,14.7213,8.0074,0.5305,19.5571,15.5163,3.7687
6/1/2013,10.7361,4.8353,2.4959,13.0046,10.0397,2.1769,14.5261,14.7905,8.0714,0.533,19.5785,15.3878,3.7457
5/1/2013,10.5701,4.7216,2.4573,12.662,9.7961,2.1195,14.1435,15.3597,8.3321,0.5535,20.7241,16.2093,3.9649
4/1/2013,10.5672,4.7228,2.4567,13.3347,10.3233,2.2321,14.8948,14.9361,8.0351,0.5383,19.7988,15.5552,3.7879
3/1/2013,10.0091,4.6813,2.5114,12.6368,9.6758,2.0955,14.104,14.1277,7.7703,0.5092,19.0417,14.8108,3.6321
2/1/2013,10.3286,4.9044,2.5916,12.7777,9.8999,2.1189,14.2613,13.9621,7.6936,0.5032,18.3139,14.377,3.4933
1/1/2013,12.0674,6.1345,3.0279,12.0528,9.3817,1.9987,13.4523,13.8679,7.8374,0.4991,17.827,14.029,3.4004
12/1/2012,13.2536,7.3365,3.495,12.281,9.543,2.0029,12.9604,14.6382,8.2227,0.5268,19.3782,14.747,3.5988
11/1/2012,13.481,7.4979,3.555,12.5692,9.748,2.0499,13.2645,15.248,8.5033,0.5488,19,14.4826,3.5286
10/1/2012,15.1065,8.6144,3.9836,13.404,10.4503,2.1861,14.1455,15.3112,8.3828,0.5472,19.3833,14.8012,3.5998
9/1/2012,15.638,9.0674,4.1685,13.0433,9.5942,2.0478,13.3241,15.0622,8.3147,0.5383,18.9568,14.7812,3.5703
8/1/2012,14.3573,8.1529,3.8271,13.1189,9.6453,2.0596,13.4014,15.4419,8.4882,0.5519,20.4774,15.8647,3.8567
7/1/2012,13.7283,7.6792,3.6595,13.0921,9.7101,2.0554,13.374,14.6734,8.1423,0.5258,19.816,15.4371,3.7321
6/1/2012,14.0875,8.0685,3.7749,13.2849,9.5157,2.0341,13.3296,13.8526,7.8002,0.4964,19.2874,14.9818,3.6082
5/1/2012,14.2399,8.1782,3.8158,14.2614,10.1643,2.1836,14.3094,12.3983,7.1341,0.4443,19.6977,15.2734,3.685
4/1/2012,14.6196,8.4211,3.9175,14.3695,10.279,2.2002,14.4179,13.212,7.251,0.4735,19.1015,14.8815,3.5734
3/1/2012,15.4497,8.974,3.9368,14.0259,9.7823,2.1012,14.2228,12.7544,7.0772,0.4571,18.1057,14.2596,3.4283
2/1/2012,13.0014,7.2118,3.3129,13.7314,9.6019,2.0571,13.9242,13.2466,7.3024,0.4748,17.5018,13.8695,3.314
1/1/2012,11.5352,6.1301,2.9393,13.1097,9.3353,1.964,13.2938,13.6006,7.6196,0.474,18.1342,14.3265,3.4337
12/1/2011,13.8128,7.6859,3.2635,14.0801,9.6388,2.0482,14.8036,13.4048,7.5713,0.4672,18.32,14.6512,3.353
11/1/2011,14.6288,8.2739,3.4563,13.8277,9.4784,2.0115,14.5383,12.9087,7.3518,0.4499,18.617,14.8701,3.4074
10/1/2011,13.781,7.6381,3.256,13.0967,9.1243,1.9051,13.7697,12.0109,6.8766,0.4245,18.4099,14.866,3.3695
9/1/2011,15.2348,8.7346,3.5337,13.3045,9.1548,1.9317,13.7143,12.3094,7.0488,0.435,19.8735,16.198,3.8415
8/1/2011,15.4584,8.8976,3.5856,14.0738,9.6455,2.0434,14.5072,12.1983,6.9995,0.4311,19.1852,15.6339,3.7085
7/1/2011,13.2886,7.2916,3.0823,13.2767,9.257,1.9277,13.6856,12.714,6.9789,0.4472,19.5898,16.5126,4.0687
6/1/2011,16.5791,9.5123,3.6513,13.6348,9.2938,1.9817,13.9121,13.2117,7.2255,0.4647,19.4501,16.4047,4.0396
5/1/2011,16.6888,9.5914,3.6754,13.768,9.3783,2.001,14.0479,13.1542,7.2005,0.4627,19.6393,16.5843,4.0789
4/1/2011,16.6114,9.5356,3.6584,13.1618,9.0511,1.9129,13.4295,12.7606,6.8295,0.4505,19.7162,16.6396,4.3599
3/1/2011,19.7214,11.7249,4.2342,13.5203,9.259,1.9608,12.7351,12.7435,6.9331,0.4499,18.997,16.0783,4.2008
2/1/2011,18.9458,11.1602,4.0677,13.5303,9.4263,1.9622,12.7446,13.7462,7.3721,0.4853,18.679,16.0062,4.1305
1/1/2011,18.01,10.4223,3.8668,12.2575,8.6023,1.7776,11.5457,13.6803,6.3629,0.4789,19.5468,16.6917,4.3224
12/1/2010,20.538,12.0755,4.3404,12.3536,8.4527,1.7753,11.3091,13.7208,6.4847,0.4803,18.385,14.2338,4.5506
11/1/2010,19.8667,11.5949,4.1986,12.5405,8.5712,1.8021,11.4802,13.7411,6.4924,0.481,17.8466,13.8181,4.4173
10/1/2010,18.7294,10.726,3.9582,11.7144,8.1604,1.6834,10.7239,13.8473,6.2776,0.4855,17.4903,13.5118,4.2692
9/1/2010,18.3057,10.0581,3.8565,11.1046,7.5191,1.5759,9.5401,12.9727,6.0478,0.4548,16.702,12.911,4.0768
8/1/2010,19.3712,10.7958,4.081,11.5798,7.8175,1.6434,9.9484,13.2444,6.1516,0.4643,16.4712,12.7219,4.0204
7/1/2010,18.9405,10.4456,3.9903,11.1361,7.6557,1.5804,9.5672,12.7,5.8903,0.4447,15.638,12.1191,3.7071
6/1/2010,21.8065,12.1315,4.5292,11.5244,7.722,1.6254,9.1516,13.3579,6.1955,0.4677,16.0374,12.4205,3.8017
5/1/2010,22.1638,12.3735,4.6035,11.8685,7.9392,1.674,9.4248,14.1716,6.5179,0.4962,16.677,12.9031,3.9534
4/1/2010,19.9491,10.8271,4.1434,11.7995,7.9923,1.6642,9.37,15.0881,6.7018,0.5264,17.9714,13.7293,4.1188
3/1/2010,19.9824,10.3068,3.9323,11.9694,7.944,1.6825,9.2966,14.6729,6.6199,0.5119,17.2264,13.1741,3.948
2/1/2010,18.7562,9.5015,3.691,11.5204,7.7436,1.6193,8.9479,14.4992,6.553,0.5058,17.7263,13.6157,4.0626
1/1/2010,20.5793,10.5947,4.0498,12.3214,8.2516,1.7319,9.5701,14.9809,7.0574,0.5165,18.6249,14.2888,4.2686
12/1/2009,22.0408,11.6954,4.1614,12.3403,8.2438,1.6831,9.1337,15.2892,7.2501,0.5271,18.9577,14.8053,4.3238
11/1/2009,20.7828,10.8723,3.9239,11.7797,7.8933,1.6066,8.7188,13.9243,6.7128,0.4801,17.6684,13.8175,4.0298
10/1/2009,20.4355,10.5858,3.8583,11.682,7.8171,1.5933,8.6465,13.9545,6.5745,0.478,17.7557,13.9631,4.0112
9/1/2009,19.1583,10.0652,3.5463,12.0133,7.9783,1.5535,9.43,14.4605,6.8307,0.4953,16.1256,12.7206,3.6429
8/1/2009,18.6093,9.7017,3.4447,12.0011,7.9709,1.5519,9.4204,14.179,6.7195,0.4857,16.4794,12.977,3.7229
7/1/2009,16.2221,8.0766,3.0028,10.6262,7.1873,1.3741,8.3412,13.8881,6.5597,0.4716,15.3605,12.1946,3.498
6/1/2009,16.9339,8.6082,3.0116,11.2747,7.4847,1.3593,8.9791,14.2608,6.7296,0.4843,15.735,12.4779,3.5833
5/1/2009,15.6895,7.7776,2.7903,10.9491,7.2913,1.3201,8.7198,14.4501,6.8044,0.4907,13.7793,10.997,3.1379
4/1/2009,13.1072,6.0389,2.331,10.2786,6.9869,1.2392,8.1858,14.9804,6.9606,0.5075,13.9524,11.0032,3.1853
3/1/2009,11.9879,5.2525,2.0309,9.8107,6.7558,1.1529,8.1456,14.1581,6.6363,0.4796,12.9683,10.2615,2.9606
2/1/2009,12.098,5.3271,2.0495,9.7702,6.7248,1.1481,8.112,13.5485,6.3959,0.459,13.5619,10.7041,3.0962
1/1/2009,11.4564,4.8779,1.9408,8.9717,6.2691,1.0543,7.4491,16.2965,8.7709,0.5506,14.3714,11.3139,3.281
12/1/2008,13.8107,6.618,2.2285,9.1912,6.335,1.0131,8.4644,16.2442,8.7686,0.5489,15.1683,11.2722,3.3759
11/1/2008,16.0343,8.1268,2.5873,10.4719,7.0556,1.1543,9.6438,16.2238,8.7594,0.5482,14.2589,10.6172,3.1735
10/1/2008,16.9389,8.7114,2.7332,13.1741,8.6389,1.4521,12.1323,17.8329,9.3109,0.6021,17.1133,12.6622,3.8088
9/1/2008,32.6019,19.6879,4.6852,14.3369,9.2202,1.5341,12.0659,17.5887,9.2212,0.5939,17.532,13.0166,3.8345
8/1/2008,30.5673,18.262,4.3929,15.073,9.6326,1.6129,12.6854,17.4547,9.1612,0.5893,17.3401,12.879,3.7925
7/1/2008,32.2,19.2979,4.6275,13.96,9.1167,1.4938,11.7487,17.2477,9.1268,0.5842,17.5017,13.0562,3.8279
6/1/2008,38.5992,24.1787,5.544,16.2027,10.2861,1.7005,13.7013,17.7204,9.3498,0.6002,20.3772,15.1449,4.3984
5/1/2008,35.5726,22.0265,5.1093,15.1099,9.6723,1.5858,12.7772,17.794,9.3826,0.6027,20.9502,15.5575,4.5221
4/1/2008,29.3456,17.5503,4.2149,14.4138,9.3453,1.5128,12.1886,16.5744,8.8238,0.5654,21.6619,16.0782,4.6757
3/1/2008,27.5374,16.4234,4.0202,15.1259,9.4427,1.5609,13.3926,15.6022,8.4798,0.5323,21.6519,16.2345,4.6851
2/1/2008,29.815,18.0498,4.3527,14.2292,8.907,1.4684,12.5987,15.964,8.6428,0.5446,21.8519,16.2905,4.7284
1/1/2008,43.63,27.8389,6.3695,14.3607,8.9799,1.4819,12.7151,15.5408,8.4895,0.5271,22.7296,16.9216,4.9183
12/1/2007,46.4847,30.451,6.4087,15.1074,9.3464,1.5167,12.3071,15.6618,8.5431,0.5312,23.5227,17.8387,5.2409
11/1/2007,48.4566,31.6439,6.6806,16.6787,10.193,1.6745,13.5872,14.7822,8.2571,0.5014,23.3939,17.7442,5.2122
10/1/2007,39.1505,24.9425,5.3976,16.92,10.2069,1.6987,13.7838,14.6477,8.4636,0.4974,21.7689,16.57,4.8502
9/1/2007,38.7899,24.8627,5.2236,17.3611,10.5248,1.7525,14.6404,14.6409,8.5294,0.4972,21.0902,16.0797,4.7689
8/1/2007,36.9076,23.3563,4.9701,16.4624,10.0529,1.6618,13.8826,15.4195,8.9013,0.5236,20.4353,15.6002,4.6208
7/1/2007,34.1849,21.3966,4.6035,15.659,10.3831,1.5807,13.2051,16.3639,9.338,0.5622,20.5137,15.6336,4.6385
6/1/2007,38.2306,24.5795,4.8043,16.3699,9.9794,1.6613,14.7576,16.1905,9.2846,0.5562,21.7172,16.1156,4.9577
5/1/2007,31.4827,19.5678,3.9563,15.6957,9.6,1.5929,14.1498,16.2993,9.3369,0.56,21.3893,15.8775,4.8829
4/1/2007,29.3091,17.9856,3.6832,14.4749,9.0265,1.469,13.0493,16.1897,9.2003,0.5607,19.6721,14.6638,4.4909
3/1/2007,30.5451,18.6425,3.4842,14.5768,8.9858,1.4844,12.7099,16.6586,9.5129,0.5769,19.6962,14.6553,4.5494
2/1/2007,30.9495,18.8939,3.5303,15.5508,9.5435,1.5836,13.5592,16.4448,9.4082,0.5695,20.2025,15.2052,4.6664
1/1/2007,30.6282,18.6357,3.4936,15.2371,9.3654,1.5517,13.2857,16.318,10.0125,0.568,20.3587,15.3203,4.7024
12/1/2006,40.2018,25.42,4.0028,14.7561,9.0644,1.5175,12.5108,16.2898,9.998,0.567,20.2727,14.9529,4.6558
11/1/2006,35.5614,21.9751,3.5407,14.8219,9.1019,1.5243,12.5666,17.4134,10.5778,0.6061,20.2251,14.9181,4.6448
10/1/2006,33.7632,20.6729,3.3617,13.154,8.2302,1.3527,11.1525,17.5516,10.178,0.6231,19.342,14.2634,4.442
9/1/2006,31.5581,19.6721,3.1247,13.427,8.2617,1.3703,10.6704,15.9146,9.369,0.565,19.8274,14.5579,4.5562
8/1/2006,31.6093,19.71,3.1298,12.8367,7.9302,1.31,10.2013,15.8363,9.3279,0.5622,19.6903,14.4579,4.5246
7/1/2006,26.6372,16.0246,2.6375,12.7388,8.0094,1.3,10.1235,17.3899,10.1568,0.6254,19.0354,14.0596,4.3742
6/1/2006,30.1869,18.3976,2.8598,13.677,9.1458,1.3605,10.053,17.491,10.2061,0.629,20.0136,14.6371,4.5347
5/1/2006,35.5505,22.3332,3.368,14.0947,9.4039,1.4021,10.36,16.2563,9.5901,0.5846,19.0727,13.9566,4.3215
4/1/2006,31.6768,19.5127,3.001,14.1169,9.5128,1.4043,10.3764,17.6269,10.2971,0.6311,19.0318,13.9978,4.3122
3/1/2006,36.8226,22.6672,3.4716,14.3257,9.3172,1.3457,11.0702,16.9254,9.9401,0.606,19.2523,14.1246,4.3332
2/1/2006,40.5968,25.1974,3.8274,14.5149,9.4321,1.3635,11.2165,17.2052,10.0794,0.616,18.9817,13.9354,4.2722
1/1/2006,38.6505,23.798,3.6439,14.6756,9.5297,1.3786,11.3406,18.2101,10.3508,0.6425,18.4908,13.5785,4.1618
12/1/2005,43.4744,26.3546,3.9357,17.2941,10.6985,1.46,15.3232,18.8949,10.6793,0.6667,19.5826,13.9741,4.4912
11/1/2005,36.9167,21.6953,3.342,15.9285,9.9261,1.3448,14.1132,18.4086,10.4448,0.6495,19.6239,14.0038,4.5007
10/1/2005,34.3654,19.8826,3.1111,15.6056,9.8344,1.3175,13.8271,17.3889,10.1936,0.6181,19.8119,14.2443,4.5438
9/1/2005,38.9441,20.4861,2.9642,16.3493,10.3628,1.3127,14.8443,17.8413,10.4193,0.6342,20.8531,14.826,4.7253
8/1/2005,35.4226,18.0253,2.6962,16.9253,10.6896,1.3589,15.3673,19.5833,11.3338,0.6961,20.7393,14.8757,4.6995
7/1/2005,30.5723,14.8845,2.327,15.0474,9.7179,1.2082,13.6622,19.5935,11.6377,0.6999,20.1691,14.5951,4.5803
6/1/2005,43.2621,21.763,2.8029,15.1921,8.9499,1.2322,12.587,19.1992,11.5546,0.6858,21.5604,15.6021,4.8963
5/1/2005,39.2369,19.1313,2.5421,15.359,9.0376,1.2458,12.7253,19.1626,11.5354,0.6845,20.9855,15.186,4.7657
4/1/2005,45.3411,23.0372,2.9376,18.3753,10.7382,1.4904,15.2243,20.7925,12.762,0.7479,20.1304,14.5811,4.5716
3/1/2005,70.1998,36.1368,3.5088,18.8548,10.7718,1.5351,13.4671,21.4149,13.1062,0.7703,20.7767,14.9263,4.7501
2/1/2005,60.169,29.2706,3.0074,19.0259,11.0596,1.549,13.5893,21.7427,13.2848,0.7821,20.1408,14.4713,4.6048
1/1/2005,50.3886,23.259,2.5186,20.0768,11.6255,1.6346,14.3399,22.7672,14.1999,0.815,20.2136,14.5234,4.6214
12/1/2004,90.8455,41.1751,3.0123,19.6969,11.2864,1.6047,12.7437,22.4397,14.0422,0.8033,19.0825,13.7648,4.3838
11/1/2004,70.9964,29.7861,2.3542,18.7584,10.7877,1.5283,12.1366,23.2414,14.4834,0.832,19.7379,14.2326,4.5343
10/1/2004,52.5021,19.1745,1.7409,17.9203,10.4024,1.46,11.5943,23.75,14.4514,0.8447,19.4417,14.0606,4.4663
9/1/2004,62.7091,22.3171,1.653,17.8571,10.4035,1.4828,11.5065,23.5134,14.4041,0.8363,21.1896,15.6929,5.002
8/1/2004,58.8,19.4286,1.55,18.359,10.6701,1.5245,11.8299,23.6652,14.4867,0.8417,20.7867,15.4571,4.9069
7/1/2004,59.1636,19.6302,1.5595,18.5867,10.851,1.5434,11.9766,24.6542,14.8123,0.8658,23.9242,17.7606,5.6476
6/1/2004,65.2558,20.5067,1.4188,19.4524,11.0339,1.5884,12.7273,26.0421,15.6208,0.9145,25.0488,18.4883,5.8241
5/1/2004,59.9535,16.75,1.3035,19.3602,11.0695,1.5808,12.6669,26.6355,15.9409,0.9354,24.6683,18.212,5.7356
4/1/2004,62.8837,18.3272,1.3672,20.166,11.4879,1.6466,13.1942,29.1171,16.5028,1.0154,24.5366,18.1864,5.705
3/1/2004,72.4848,23.675,1.283,21.1893,12.306,1.7796,15.5858,29.0537,16.4698,1.0132,25.4898,18.6795,5.837
2/1/2004,68.3636,24.8632,1.2101,21.7887,12.6236,1.8299,16.0267,26.2683,15.0189,0.916,25.1224,18.4608,5.7529
1/1/2004,64.7576,30.1633,1.1462,20.3505,11.8616,1.7091,14.9688,27.2051,15.4884,0.9371,25.8929,19.0179,5.9293
12/1/2003,104.55,23.7155,1.2151,22.1745,13.2469,1.7102,14.2399,28.5333,16.3077,0.9828,24.734,17.7122,5.5464
11/1/2003,114.45,27.0157,1.3302,21.9149,13.1739,1.6902,14.0732,30.2308,17.1846,1.0413,24.6809,17.6747,5.5345
10/1/2003,103.6,22.3498,1.2041,21.6332,13.0212,1.6684,13.8924,29.5503,14.7038,1.0195,22.8511,16.4249,5.1242
9/1/2003,161.5,9.3529,1.3708,20.2411,12.439,1.573,13.3344,31.3069,15.5358,1.0801,24.0442,16.6497,5.294
8/1/2003,150.5714,8.3968,1.278,20.0535,12.323,1.5584,13.2108,29.582,14.7482,1.0206,24.8453,17.2304,5.4704
7/1/2003,136.1429,9.5397,1.1556,20.362,12.491,1.5824,13.4141,29.489,14.7299,1.0097,25.6409,17.7711,5.6456
6/1/2003,99.7222,7.7541,1.1065,22.5449,14.7492,1.7225,15.78,28.9066,14.4866,0.9897,26.04,17.6396,5.6454
5/1/2003,79,7.552,0.8766,21.7409,14.2727,1.6611,15.2172,30.9451,15.4104,1.0595,23.0857,15.6896,5.0049
4/1/2003,78.5556,9.4077,0.8717,20.0841,13.3169,1.5345,14.0576,29.3955,14.751,1.0019,23.1314,15.768,5.0148
3/1/2003,60.04,10.6553,0.9175,20.2875,13.5825,1.5615,14.017,27.1525,13.732,0.9254,23.3837,15.9233,5.0958
2/1/2003,57.44,7.2125,0.8778,20.3525,13.6203,1.5665,14.0619,27.0056,13.6653,0.9204,23.5233,16.0155,5.1262
1/1/2003,57.32,5.6924,0.8759,20.1704,13.5144,1.5525,13.9361,29.7118,14.7097,0.9847,25.4884,17.3144,5.5545
12/1/2002,46.9697,6.4897,0.9584,20.704,13.9196,1.7817,16.3616,31.7059,15.6215,1.0508,29.6667,18.985,6.5009
11/1/2002,48.697,10.1005,0.9936,18.8032,12.8261,1.6182,14.8594,31.5,15.53,1.044,29.5346,18.9007,6.472
10/1/2002,43.9394,16.7571,0.8965,13.8892,9.92,1.1953,10.9761,30.2086,16.5622,0.973,30.1132,19.2765,6.5988
9/1/2002,30.102,17.9517,0.9057,18.0452,12.4299,1.5552,13.9348,32.8098,17.9473,1.0568,29.4654,18.8627,6.4568
8/1/2002,31.1429,17.0569,0.937,16.853,11.8332,1.4525,13.0142,30.1718,16.63,0.9718,30.4188,20.1322,6.3991
7/1/2002,36.1633,16.9784,1.088,17.236,12.0602,1.4855,13.31,35.4903,18.8479,1.106,27.875,18.4848,5.864
6/1/2002,40.8772,21.8817,1.4117,17.7877,11.9179,1.6435,14.0538,34.9032,18.5731,1.0877,28.125,18.6466,5.9166
5/1/2002,42.5789,17.1395,1.4704,18.5196,12.3753,1.7111,14.632,36.0387,19.1285,1.1231,29.8113,19.3679,5.9201
4/1/2002,41.5263,44.9448,1.4341,22.9947,14.9856,2.1246,18.1677,40.8667,22.0218,1.2567,29.0503,18.8753,5.7689
3/1/2002,38.0702,28.4892,1.3223,20.4185,13.2152,1.9554,18.9419,41.34,22.2637,1.2713,28.4025,18.4582,5.6403
2/1/2002,43.3684,41.2919,1.5063,22.4516,14.3871,2.1501,20.828,39.9867,21.5862,1.2297,33.9936,22.8622,6.4746
1/1/2002,38.4211,13.8361,1.3345,25.1714,15.9549,2.4106,23.3511,39.4178,20.6748,1.2239,37.1795,24.9824,7.0814
12/1/2001,93.9658,2.8234,1.3756,23.8977,14.3313,2.222,25.6526,37.774,19.8807,1.1728,39.0625,26.2355,7.4401
11/1/2001,112.3834,4.4657,1.1341,22.343,13.5647,2.0775,23.9837,35.2055,18.6775,1.0931,42.3142,32.9275,7.6112
10/1/2001,113.8374,7.7838,1.0017,18.9627,11.779,1.7632,20.3552,34.375,18.5475,1.0894,40.7939,31.7716,7.3377
9/1/2001,140.8579,27.842,1.0867,20.1836,12.0756,1.8847,29.1972,33.3681,18.0704,1.0575,37.2466,29.0416,6.6997
8/1/2001,36.6015,22.3099,1.1008,21.2458,12.6445,1.9839,30.7337,38.8194,20.7347,1.2303,38.1482,27.0821,6.5214
7/1/2001,46.7655,23.1719,1.3621,22.8189,13.6059,2.1308,33.0093,34.1259,18.2118,1.1103,44.4293,31.6706,7.5952
6/1/2001,40.491,20.2144,1.081,23.1141,13.2811,2.0973,46.4502,36.1888,19.2192,1.1774,41.6214,29.597,7.1152
5/1/2001,20.8557,32.3901,1.3812,23.8047,13.7952,2.16,47.8379,36.1818,19.2158,1.1772,40.4356,29.8862,6.7028
4/1/2001,24.7126,36.0331,1.1959,19.8848,11.7748,1.8043,39.9605,35.5634,18.4622,1.1785,35.7955,26.5377,5.9336
3/1/2001,16.9988,34.6265,0.8983,21.4429,12.2106,1.9032,45.8829,35.2746,18.3253,1.169,35.5587,26.3689,5.8944
2/1/2001,8.3636,30.5508,1.0644,24.0401,13.5043,2.1337,51.4403,40,20.5658,1.3256,37.4038,26.0807,6.1002
1/1/2001,9.9159,30.209,0.7321,18.2447,10.6175,1.6193,39.0395,37.9464,19.5622,1.273,44.1827,30.6398,7.2057
12/1/2000,13.0522,27.381,0.6706,21.8357,12.4077,1.8222,56.2631,37.2768,19.2448,1.2506,44.8077,31.0601,7.3077
11/1/2000,34.6661,21.3464,0.7951,23.0033,13.0192,1.9196,59.2718,32.4107,16.9485,1.0873,54.2843,31.9331,8.5903
10/1/2000,28.9062,15.6307,1.0465,26.302,14.6381,2.1949,67.7714,34.8732,18.2876,1.1858,47.5806,28.0886,7.5295
9/1/2000,29.795,15.0721,2.6441,32.2498,16.6613,2.6088,61.1236,34.5109,18.1155,1.1734,38.9113,23.1303,6.1576
8/1/2000,27.0472,9.5824,2.2048,27.4213,14.5069,2.2182,51.972,40.0362,20.7334,1.3613,47.0965,27.5227,7.7871
7/1/2000,39.9469,7.1043,2.2726,26.7647,14.1999,2.1651,50.7277,43.3271,22.8181,1.4812,47.687,27.845,7.8847
6/1/2000,43.7303,8.511,1.8389,27.2609,11.7315,2.1277,52.5076,43.3271,22.7668,1.4812,48.8189,28.4978,8.0719
5/1/2000,40.5654,8.9252,2.716,28.3247,12.1366,2.2107,54.5565,41.6353,21.9561,1.4234,50.3676,31.3696,9.0065
4/1/2000,36.7167,6.1682,2.9732,30.0712,12.8015,2.347,57.9204,44.1406,23.6077,1.5245,50.046,31.1517,8.949
3/1/2000,36.385,7.0235,2.5526,26.4537,11.1332,2.0266,42.7309,38.0859,20.6245,1.3154,45.1287,28.1604,8.0697
2/1/2000,36.5205,8.8813,2.3105,28.8995,12.0488,2.214,46.6817,42.7734,22.9341,1.4772,45.625,28.6204,8.377
1/1/2000,29.8974,8.8079,2.2896,27.7731,11.6272,2.1277,44.8622,57.6042,32.6525,1.9926,46.6518,29.2511,8.5655
12/1/1999,23.6241,8.2367,2.2763,25.5361,10.7678,2.0467,50.0206,48.0208,27.5738,1.6611,47.8571,29.9915,8.7868
11/1/1999,22.8947,10.0872,1.8635,24.3437,10.3185,1.9511,47.6849,46.9271,26.9981,1.6233,47.0218,29.9666,9.0775
10/1/1999,19.5395,10.2365,1.4725,29.9805,12.4425,2.4029,58.7265,41.7215,24.2196,1.4359,45.344,28.97,8.7536
9/1/1999,16.25,12.7922,1.412,31.8548,13.5558,2.5203,68.9649,38.8706,22.7238,1.3378,38.6745,24.7792,7.4661
8/1/1999,16.5648,14.5679,1.2051,32.1425,13.6673,2.5431,69.5878,37.0614,21.7698,1.2755,43.7081,27.8735,8.3591
7/1/1999,17.2932,11.4713,1.0022,33.0535,14.0205,2.6152,71.5602,45.5189,24.1519,1.509,54.0268,34.4038,10.3326
6/1/1999,13.5103,24.3067,0.9593,30.9927,8.7199,2.4548,54.0328,40.2123,21.4468,1.3331,57.3825,36.5142,10.9744
5/1/1999,14.2674,23.9959,1.0015,27.9452,14.3856,2.2134,48.7198,43.3962,23.0632,1.4387,52.9561,33.3136,10.1116
4/1/1999,16.8801,24.1327,0.7824,23.6787,12.4438,1.8755,41.2815,46.5593,25.6008,1.4954,51.2669,32.2434,9.7891
3/1/1999,16.7777,6.6008,0.7675,24.3818,12.6708,1.8737,54.9772,43.4975,23.9995,1.3971,52.3226,32.9111,9.9907
2/1/1999,16.8981,7.6053,0.908,26.3209,13.5442,2.0227,59.3494,43.4343,23.9665,1.395,47.3276,30.4921,9.0109
1/1/1999,19.6429,7.6432,0.9025,26.4825,13.617,2.0352,59.7138,44.0205,24.2741,1.3783,44.6552,28.7907,8.502
12/1/1998,20.172,8.9166,0.709,25.3164,12.9523,1.8598,43.3226,40.7096,22.843,1.2746,45.9914,29.6745,8.7565
11/1/1998,30.576,5.6594,0.8241,22.7676,11.8184,1.6725,38.9608,37.3312,21.0761,1.1688,44.0141,28.348,8.2945
10/1/1998,33.9461,5.379,0.8463,19.7012,10.4542,1.4473,33.7136,31.3938,17.8023,0.961,39.8768,25.7669,7.5148
9/1/1998,28.125,5.5241,0.6756,17.8697,9.3697,1.3089,39.3952,33.9082,18.9718,1.038,42.9577,27.7459,8.0954
8/1/1998,332.8125,5.3291,0.7501,21.0231,10.7301,1.5399,46.3473,36.2789,20.1912,1.1106,42.1415,29.9927,7.7172
7/1/1998,342.1874,5.5875,0.6215,18.2167,9.5195,1.3343,40.1604,37.2701,20.645,1.1166,50.8272,36.1062,9.3078
6/1/1998,343.7499,5.8045,0.5395,18.8625,9.6846,1.3809,41.6266,33.8192,18.925,1.0132,50,35.5231,9.1563
5/1/1998,17.9167,4.5036,0.5547,18.6016,9.5727,1.3618,41.0509,31.0201,17.4934,0.9293,51.8939,36.5984,9.1399
4/1/1998,20.3704,4.0495,0.5572,16.6752,8.7464,1.2208,36.7997,32.5723,18.4192,0.9722,48.2008,34.0389,8.4894
3/1/1998,20.463,3.5902,0.4591,16.4884,8.4889,1.2485,46.5655,29.6877,16.9353,0.8861,42.2348,29.8668,7.4387
2/1/1998,23.6111,4.8112,0.3559,15.5905,8.1025,1.1805,44.0296,25.521,14.8207,0.7617,47.2868,34.0109,8.1495
1/1/1998,11.0188,4.9491,0.2551,16.518,8.5017,1.2508,46.6491,26.8282,15.9096,0.7891,44.8643,32.3007,7.732
12/1/1997,10.4949,4.6754,0.3157,17.8178,9.1229,1.3426,41.1978,27.2534,16.1774,0.8016,40.7946,29.4276,7.0306
11/1/1997,10.7659,6.6505,0.3029,16.0279,8.3508,1.2077,37.0592,23.8095,14.3873,0.7003,40.9,29.3051,6.9151
10/1/1997,10.9415,7.8976,0.3858,17.2483,8.8772,1.2997,39.881,25.7923,15.4318,0.757,40.4,29.0078,6.8306
9/1/1997,11.4504,5.9022,0.3499,16.9283,8.5783,1.2702,26.3714,25,15.0782,0.7337,40.7,29.2199,6.8813
8/1/1997,11.8162,7.6897,0.2815,17.6588,8.8889,1.325,27.5095,26.4085,15.8275,0.7751,39.0625,26.2862,6.7145
7/1/1997,9.7794,7.1025,0.2292,15.0706,7.7884,1.1308,23.4774,24.5018,14.5071,0.7198,36.6211,24.7272,6.2949
6/1/1997,9,9.8849,0.2517,14.9406,7.4438,1.1137,27.6026,21.6486,13.1081,0.636,38.2812,25.8245,6.5802
5/1/1997,8.2941,11.0236,0.2574,13.8611,6.9967,1.0333,25.6082,20.3804,12.435,0.5987,37.8601,24.9877,6.316
4/1/1997,10.3675,11.3342,0.2763,11.8532,6.1651,0.8836,21.8986,20.8022,12.6844,0.6094,33.5391,22.2451,5.5951
3/1/1997,10.5971,12.4882,0.229,12.5968,6.2641,0.9494,16.3097,19.6828,12.1006,0.5766,34.0535,22.578,5.6809
2/1/1997,10.1706,9.1452,0.2343,13.7469,6.7389,1.0361,17.7988,17.7239,11.1148,0.5192,34.0717,22.5565,5.6556
1/1/1997,14.3269,8.116,0.2941,13.2759,6.5445,1.0006,17.189,17.9134,11.2185,0.5138,31.8038,21.0606,5.2791
12/1/1996,16.6106,7.0946,0.3036,15.0276,7.1209,1.0943,19.9402,20.0787,12.3398,0.576,31.3291,20.7475,5.2003
11/1/1996,12.9567,5.9814,0.2894,12.1635,5.9886,0.8857,16.1398,20.8661,12.7463,0.5985,33.0786,21.8692,5.4298
10/1/1996,21.6692,5.8362,0.2792,11.7392,5.8208,0.8548,15.5768,21.2702,12.8199,0.6123,31.3865,20.7211,5.152
9/1/1996,20.1722,4.4087,0.2855,16.1369,6.3188,0.8148,17.0568,21.2702,12.8166,0.6123,30.131,19.9086,4.946
8/1/1996,46.4844,3.4016,0.259,15.1669,6.0222,0.7658,16.0315,19.3548,11.8601,0.5572,29.2045,18.6985,4.7509
7/1/1996,49.2188,3.5971,0.2472,13.9677,5.7541,0.7053,14.7639,20.9711,12.7509,0.6068,29.8295,19.1892,4.8526
6/1/1996,48.0469,5.4868,0.2961,14.0446,5.7265,0.7819,12.3972,21.3843,12.954,0.6188,28.9773,18.6534,4.714
5/1/1996,36.5234,5.9265,0.2762,14.1762,5.7686,0.7893,12.5133,19.7314,12.1231,0.5709,29.6274,18.8183,4.7468
4/1/1996,18.5315,5.2612,0.2784,14.6366,5.9863,0.8149,12.9198,19.1667,12.2026,0.564,27.9447,17.7722,4.4772
3/1/1996,19.4056,5.3603,0.2983,16.2226,6.1663,0.9244,11.2275,17.7083,11.4612,0.521,27.1034,17.3436,4.3424
2/1/1996,27.6224,5.0368,0.2996,14.3539,5.5798,0.8179,9.9342,16.9792,11.0905,0.4996,27.7778,17.4468,4.3864
1/1/1996,13.7107,5.8099,0.3457,12.0884,4.9418,0.6888,8.3663,17.9435,11.652,0.5645,26.5152,16.6724,4.187
12/1/1995,12.4092,5.8846,0.4241,14.91,5.44,0.7634,8.3711,19.3548,12.3787,0.6089,26.0101,16.5103,4.1072
11/1/1995,12.4697,5.4425,0.404,15.0064,5.4676,0.7683,8.4252,17.4395,11.4003,0.5487,26.9079,17.3923,4.2581
10/1/1995,12.3256,4.8629,0.4144,14.5821,5.4239,0.7466,8.187,20.122,12.6942,0.646,26.5132,17.1426,4.1956
9/1/1995,13.8372,4.008,0.4968,11.8536,5.1693,0.84,6.822,19.9187,12.5948,0.6394,25.5921,16.5869,4.0499
8/1/1995,13.8953,4.1164,0.5199,12.4842,5.3953,0.8847,7.185,21.6463,13.4912,0.6949,25.1366,16.6626,4.0574
7/1/1995,13.2794,4.2044,0.5365,11.0079,4.8662,0.7801,6.3353,22.2917,14.0415,0.7212,24.2486,16.0942,3.9141
6/1/1995,12.1247,4.426,0.4963,13.6662,5.3754,0.7836,5.7573,20.7292,13.222,0.6706,22.1995,14.8346,3.5833
5/1/1995,10.4215,6.3555,0.4567,13.905,5.4518,0.7973,5.8579,19.7917,12.7287,0.6403,22.8693,15.185,3.6695
4/1/1995,10.9785,6.4034,0.4209,12.0681,4.8641,0.692,5.0841,21.7161,13.7513,0.714,23.7216,15.7305,3.8062
3/1/1995,11.1575,6.0603,0.4963,14.3179,5.0292,0.6567,4.8261,20.1271,12.9101,0.6618,23.0824,15.3537,3.7037
2/1/1995,11.4558,7.73,0.5073,13.7233,4.8668,0.6295,4.6257,19.3856,12.4514,0.6374,24.9269,16.4881,3.9753
1/1/1995,22.2948,7.373,0.4869,13.985,4.9382,0.6415,4.7139,19.1441,11.0385,0.618,23.9035,15.8323,3.8121
12/1/1994,22.4347,6.2401,0.4812,18.8765,6.0088,0.6198,,20.9459,11.8724,0.6762,26.2427,17.3519,4.1851
11/1/1994,21.7351,5.9583,0.558,19.877,6.2445,0.6526,,21.1712,12.0494,0.6834,25.4545,16.617,3.962
10/1/1994,25.3759,6.059,0.4352,18.5763,5.9381,0.6099,,21.6435,12.072,0.7121,26.2879,17.1425,4.0917
9/1/1994,24.3421,5.7907,0.4824,28.6968,7.3954,0.6032,,22.8009,12.6099,0.7502,25.6061,16.7382,3.9856
8/1/1994,21.2406,6.1182,0.4491,25.9214,6.8999,0.5449,,23.1481,12.7754,0.7616,27.4525,17.6435,4.139
7/1/1994,19.6705,5.235,0.3629,24.6122,6.6662,0.5173,,23.0952,12.5155,0.777,27.3734,17.5947,4.1271
10/1/1992,19.9612,4.6812,0.4005,455.1076,8.6891,0.55,,22.381,12.185,0.753,27.2152,17.5484,4.1033
9/1/1992,19.186,4.8394,0.4108,486.7123,8.1893,0.502,,24.0476,12.9502,0.809,27.8523,17.6057,4.0764
8/1/1992,19.4853,5.8503,0.4553,532.3636,7.928,0.4769,,25.1214,13.6568,0.8714,26.4262,16.7417,3.8676
7/1/1992,17.0037,7.1578,0.5077,549.9218,10.3395,0.462,,27.5485,14.7931,0.9556,28.6074,18.0856,4.1869
1/1/1992,15.2574,5.8629,0.4555,14.8833,10.7574,0.4937,,25.7282,13.9396,0.8924,29.5296,18.6024,4.2675
12/1/1991,11.4078,5.6529,0.4068,15.2332,10.7574,0.4937,,25.641,16.036,0.8927,29.5296,18.6024,4.2675
11/1/1991,13.3495,4.3942,0.4681,16.1801,14.1238,0.4673,,29.359,18.0451,1.0221,29.1812,18.4648,4.2172
10/1/1991,16.5049,3.8519,0.4569,17.0653,16.829,0.399,,27.0513,16.7948,0.9418,28.2918,18.3587,4.1312
9/1/1991,13.9976,3.0669,0.3474,12.437,16.6238,0.3643,,26.3369,16.3498,0.9245,28.9146,18.7514,4.2222
8/1/1991,13.5697,2.838,0.4151,12.9987,18.6946,0.3968,,27.5401,17.0053,0.9667,28.8256,18.731,4.2092
7/1/1991,10.5134,,0.4346,12.4691,8.6125,0.386,,27.139,16.7998,0.9526,32.0896,20.8589,4.6075
6/1/1991,9.748,,0.6187,10.4826,9.1624,0.4283,,29.2479,18.0715,1.0398,31.25,20.3288,4.487
5/1/1991,8.1565,,0.9147,10.1739,9.3739,0.4526,,31.0585,19.0666,1.1042,29.8507,19.5218,4.2861
4/1/1991,7.6923,,0.8279,11.2481,9.9663,0.4172,,29.805,18.375,1.0596,34.6457,22.5955,4.9347
3/1/1991,,,0.8319,11.701,9.9663,0.4365,,36.5994,21.8548,1.3128,32.6772,21.3434,4.6543
2/1/1991,,,0.8921,11.5192,9.3996,0.4595,,37.464,22.329,1.3438,32.185,21.1672,4.5843
1/1/1991,,,1.0015,10.2696,9.8149,0.4352,,37.536,22.3582,1.3464,33.642,21.5044,4.7063
12/1/1990,,,1.0057,14.9697,10.0602,0.4257,,39.8754,24.0166,1.4113,31.893,20.4101,4.4616
11/1/1990,,,0.9888,13.8993,9.9817,0.5562,,40.109,24.1455,1.4196,33.0247,21.1386,4.6199
10/1/1990,,,0.9028,14.0146,6.2061,0.545,,37.9283,22.9446,1.3424,29.7747,18.3307,4.115
9/1/1990,,,0.776,14.2889,6.4794,0.658,,38.6438,22.9093,1.3859,28.5944,17.6194,3.9519
8/1/1990,,,0.8212,15.6389,6.7349,0.7089,,37.3366,22.1879,1.339,27.6824,17.1019,3.8258
7/1/1990,,,0.8345,16.4804,5.2855,0.7754,,36.5196,21.7341,1.3097,29.6171,18.6224,4.0387
6/1/1990,,,0.8569,17.1844,5.4706,0.801,,36.6894,21.6073,1.3338,27.0833,17.0752,3.6932
5/1/1990,,,1.0939,15.6091,5.2996,0.7598,,36.1775,21.3249,1.3152,24.5495,15.5393,3.3476
4/1/1990,,,1.1008,15.1974,4.8715,0.7598,,35.6655,21.0394,1.2965,27.1327,17.2816,3.6165
3/1/1990,,,1.0664,15.335,4.7551,0.6991,,38.4477,22.4519,1.3968,25,15.9698,3.3323
2/1/1990,,,1.2531,14.56,5.1511,0.7327,,38.9892,22.7499,1.4165,25.7109,16.4382,3.427
1/1/1990,,,1.202,13.8956,5.4215,0.759,,38.8989,22.6921,1.4132,25.674,16.4516,3.4199
12/1/1989,,,1.0489,9.92,5.3516,0.7506,,45.8171,26.8068,1.6665,23.8971,15.3482,3.1832
11/1/1989,,,0.9607,10.1867,4.8706,0.7671,,38.035,22.5149,1.3835,22.7941,14.6504,3.0363
10/1/1989,,,0.9749,11.1012,,0.8148,,35.9922,21.3855,1.3092,23.9018,,3.1235
9/1/1989,,,0.937,11.1986,,0.8594,,38.8211,22.8733,1.4429,23.1266,,3.0222
8/1/1989,,,1.0277,10.9954,,0.7934,,41.1585,24.1774,1.5298,20.4134,,2.6676
7/1/1989,,,0.8968,10.6966,,0.8292,,38.7195,22.7996,1.4392,22.6542,,3.0276
6/1/1989,,,0.8047,11.247,,0.7954,,36.5385,21.573,1.3894,24.3298,,3.2516
5/1/1989,,,0.9442,11.7087,,0.8475,,36.5385,21.573,1.3894,23.7936,,3.1799
4/1/1989,,,1.1049,11.1957,,0.8225,,34.6154,20.407,1.3163,25.8596,,3.3797
3/1/1989,,,1.3661,11.2345,,0.9094,,34.141,20.2837,1.3515,21.8481,,2.8554
2/1/1989,,,1.2104,12.0782,,1.0201,,31.1674,18.6047,1.2338,21.4183,,2.7992
1/1/1989,,,1.1734,11.2692,,1.0042,,29.0749,17.2712,1.151,20.7965,,2.7197
12/1/1988,,,0.9091,11.5144,,0.8953,,27.7523,16.8042,1.1306,20.3171,,2.657
11/1/1988,,,0.8236,11.9153,,0.9379,,27.6376,16.7395,1.1259,22.7876,,2.9801
10/1/1988,,,0.6891,11.2108,,0.8708,,24.656,15.0701,1.0045,23.0597,,3.0894
9/1/1988,,,0.6499,10.9456,,0.878,,26.0766,15.5958,1.0768,21.6045,,2.8945
8/1/1988,,,,12.3445,,0.8563,,27.2727,16.2658,1.1262,20,,2.6795
7/1/1988,,,,12.5163,,0.9372,,30.0239,17.8044,1.2398,21.1783,,2.7481
6/1/1988,,,,10.6921,,0.9876,,31.1875,18.2994,1.3002,21.656,,2.8101
5/1/1988,,,,10.7753,,1.0318,,28.1875,16.6228,1.1752,17.9538,,2.3297
4/1/1988,,,,10.2288,,0.9372,,24.8125,14.7343,1.0345,19.3792,,2.4151
3/1/1988,,,,12.8706,,0.9125,,24.8684,14.543,1.038,18.2047,,2.2688
2/1/1988,,,,12.3092,,0.919,,23.1579,13.5948,0.9666,17.198,,2.1433
1/1/1988,,,,12.6515,,0.8726,,22.4342,13.1901,0.9364,16.0774,,2.0446
12/1/1987,,,,14.0484,,0.8328,,,,,15.7407,,2.0018
11/1/1987,,,,15.5389,,0.8775,,,,,15.0253,,1.9108
10/1/1987,,,,19.1223,,0.9011,,,,,15.1661,,1.8856
9/1/1987,,,,22.0611,,0.982,,,,,15.0787,,1.8747
8/1/1987,,,,21.0948,,1.0682,,,,,15.2972,,1.9019
7/1/1987,,,,21.2914,,1.0488,,,,,14.4404,,1.7784
6/1/1987,,,,20.4861,,1.0203,,,,,13.8538,,1.7062
5/1/1987,,,,20.5021,,1.0264,,,,,14.0343,,1.7284
4/1/1987,,,,19.2217,,1.0685,,,,,14.3396,,1.7837
3/1/1987,,,,17.0609,,1.0217,,,,,14.3396,,1.7837
2/1/1987,,,,15.7461,,1.1521,,,,,14.434,,1.7954
1/1/1987,,,,14.676,,1.2386,,,,,15.3807,,1.8381
12/1/1986,,,,12.2776,,1.1556,,,,,15.4835,,1.8504
11/1/1986,,,,11.9396,,1.1482,,,,,15.6893,,1.875
10/1/1986,,,,12.9898,,1.1882,,,,,13.5531,,1.9022
9/1/1986,,,,12.5859,,1.118,,,,,15.1099,,2.1207
8/1/1986,,,,12.0189,,1.1031,,,,,17.7198,,2.487
7/1/1986,,,,13.2888,,1.244,,,,,19.3966,,2.6548
6/1/1986,,,,13.5895,,1.2614,,,,,18.2471,,2.4974
5/1/1986,,,,13.935,,1.1405,,,,,17.0498,,2.3336
4/1/1986,,,,13.5114,,1.1493,,,,,17.2189,,2.327
3/1/1986,,,,13.5061,,1.0911,,,,,17.1185,,2.3134
2/1/1986,,,,13.5621,,1.225,,,,,18.3735,,2.483
1/1/1986,,,,13.9201,,1.1716,,,,,18.5434,,2.4853
12/1/1985,,,,13.5379,,1.2041,,,,,17.6136,,2.3607
11/1/1985,,,,12.5813,,1.2057,,,,,15.5992,,2.0907
10/1/1985,,,,12.0001,,1.3336,,,,,18.3417,,1.9629
9/1/1985,,,,12.0226,,1.6411,,,,,18.4045,,1.9696
8/1/1985,,,,12.4736,,1.8672,,,,,17.0226,,1.8217
7/1/1985,,,,11.7497,,1.7854,,,,,20.254,,2.0601
6/1/1985,,,,11.8019,,1.8021,,,,,20.9225,,2.1281
5/1/1985,,,,11.6069,,1.8006,,,,,22.3708,,2.2754
4/1/1985,,,,11.6528,,1.802,,,,,21.7228,,2.1366
3/1/1985,,,,11.8841,,1.6895,,,,,20.8801,,2.0537
2/1/1985,,,,12.0948,,1.5935,,,,,19.7097,,1.9386
1/1/1985,,,,10.9196,,1.4707,,,,,18.6531,,1.7459
12/1/1984,,,,11.3124,,1.3708,,,,,16.2548,,1.5214
11/1/1984,,,,11.5795,,1.4504,,,,,16.376,,1.5327
10/1/1984,,,,11.5447,,1.4104,,,,,16.6834,,1.5497
9/1/1984,,,,12.0368,,1.5345,,,,,14.3537,,1.3333
8/1/1984,,,,10.7723,,1.5909,,,,,13.978,,1.2984
7/1/1984,,,,10.286,,1.5192,,,,,14.6472,,1.2948
6/1/1984,,,,10.9605,,1.6797,,,,,14.7751,,1.3061
5/1/1984,,,,11.5708,,1.7755,,,,,14.1871,,1.2541
4/1/1984,,,,11.5962,,1.8206,,,,,14.082,,1.2172
3/1/1984,,,,11.649,,1.7653,,,,,14.2116,,1.2284
2/1/1984,,,,12.0584,,1.7683,,,,,14.5228,,1.2553
1/1/1984,,,,12.8905,,1.7757,,,,,13.3403,,1.1454
12/1/1983,,,,13.2208,,1.8225,,,,,12.605,,1.0823
11/1/1983,,,,14.2768,,1.7271,,,,,13.104,,1.1251
10/1/1983,,,,14.2909,,1.605,,,,,13.3351,,1.1369
9/1/1983,,,,14.109,,1.5309,,,,,14.0086,,1.1943
8/1/1983,,,,14.2123,,1.5972,,,,,13.4968,,1.1506
7/1/1983,,,,14.1976,,1.6571,,,,,13.9989,,1.1901
6/1/1983,,,,13.8362,,1.5609,,,,,13.4615,,1.1445
5/1/1983,,,,14.5513,,1.6292,,,,,13.0373,,1.1084
4/1/1983,,,,12.6547,,1.6023,,,,,13.0641,,1.0819
3/1/1983,,,,12.7958,,1.6086,,,,,13.0344,,1.0794
2/1/1983,,,,12.7797,,1.7027,,,,,13.0344,,1.0794
1/1/1983,,,,12.4404,,1.7329,,,,,12.6524,,1.0355
12/1/1982,,,,12.2949,,1.5645,,,,,12.378,,1.0131
11/1/1982,,,,11.3532,,1.6005,,,,,13.0488,,1.068
10/1/1982,,,,10.4293,,1.6383,,,,,13.642,,1.1255
9/1/1982,,,,10.9494,,1.6334,,,,,12.8704,,1.0618
8/1/1982,,,,10.1923,,1.6736,,,,,12.5617,,1.0363
7/1/1982,,,,9.4157,,1.4978,,,,,12.9073,,1.0684
6/1/1982,,,,10.2877,,1.4302,,,,,11.5915,,0.9594
5/1/1982,,,,10.7477,,1.5092,,,,,12.5,,1.0346
4/1/1982,,,,9.9949,,1.5933,,,,,13.1997,,1.0943
3/1/1982,,,,10.4975,,1.5968,,,,,14.1539,,1.1734
2/1/1982,,,,10.7944,,1.5898,,,,,13.6132,,1.1286
1/1/1982,,,,9.6492,,1.6457,,,,,12.8222,,1.0744
12/1/1981,,,,8.8082,,1.7592,,,,,12.951,,1.0852
11/1/1981,,,,8.3233,,1.7652,,,,,13.4021,,1.123
10/1/1981,,,,8.7476,,1.9062,,,,,12.6598,,1.074
9/1/1981,,,,8.438,,1.9081,,,,,11.1893,,0.9493
8/1/1981,,,,8.5911,,1.8481,,,,,10.422,,0.8842
7/1/1981,,,,8.859,,1.8617,,,,,10.3892,,0.8361
6/1/1981,,,,9.0802,,1.8597,,,,,9.6636,,0.7777
5/1/1981,,,,9.0609,,1.7873,,,,,8.905,,0.7167
4/1/1981,,,,9.6405,,1.8797,,,,,8.6721,,0.6706
3/1/1981,,,,10.0605,,1.6347,,,,,9.248,,0.7151
2/1/1981,,,,10.0801,,1.6414,,,,,8.8753,,0.6863
1/1/1981,,,,10.6282,,1.6393,,,,,8.3564,,0.6201
